timestamp,title,rating,vote_count,release_date

2025-07-27T20:03:46.441492,Happy Gilmore 2,6.909,175,2025-07-25
2025-07-27T20:03:46.441492,The Fantastic 4: First Steps,7.348,415,2025-07-23
2025-07-27T20:03:46.441492,The Naked Gun,0.0,0,2025-07-30
2025-07-27T20:03:46.441492,Weapons,0.0,0,2025-08-06
2025-07-27T20:03:46.441492,Freakier Friday,0.0,0,2025-08-06
2025-07-27T20:03:46.441492,Alien 2: On Earth,3.549,71,1980-04-11
2025-07-27T20:03:46.441492,Nobody 2,0.0,0,2025-08-13
2025-07-27T20:03:46.441492,Americana,0.0,0,2025-08-15
2025-07-27T20:05:18.296777,Happy Gilmore 2,6.909,175,2025-07-25
2025-07-27T20:05:18.296777,The Fantastic 4: First Steps,7.348,415,2025-07-23
2025-07-27T20:05:18.296777,The Naked Gun,0.0,0,2025-07-30
2025-07-27T20:05:18.296777,Weapons,0.0,0,2025-08-06
2025-07-27T20:05:18.296777,Freakier Friday,0.0,0,2025-08-06
2025-07-27T20:05:18.296777,Alien 2: On Earth,3.549,71,1980-04-11
2025-07-27T20:05:18.296777,Nobody 2,0.0,0,2025-08-13
2025-07-27T20:05:18.296777,Americana,0.0,0,2025-08-15
2025-07-27T21:04:37.381929,Happy Gilmore 2,6.909,175,2025-07-25
2025-07-27T21:04:37.381929,The Fantastic 4: First Steps,7.348,415,2025-07-23
2025-07-27T21:04:37.381929,The Naked Gun,0.0,0,2025-07-30
2025-07-27T21:04:37.381929,Weapons,0.0,0,2025-08-06
2025-07-27T21:04:37.381929,Freakier Friday,0.0,0,2025-08-06
2025-07-27T21:04:37.381929,Alien 2: On Earth,3.549,71,1980-04-11
2025-07-27T21:04:37.381929,Nobody 2,0.0,0,2025-08-13
2025-07-27T21:04:37.381929,Americana,0.0,0,2025-08-15
2025-07-27T22:04:50.772711,Happy Gilmore 2,6.909,175,2025-07-25
2025-07-27T22:04:50.772711,The Fantastic 4: First Steps,7.348,415,2025-07-23
2025-07-27T22:04:50.772711,The Naked Gun,0.0,0,2025-07-30
2025-07-27T22:04:50.772711,Weapons,0.0,0,2025-08-06
2025-07-27T22:04:50.772711,Freakier Friday,0.0,0,2025-08-06
2025-07-27T22:04:50.772711,Alien 2: On Earth,3.549,71,1980-04-11
2025-07-27T22:04:50.772711,Nobody 2,0.0,0,2025-08-13
2025-07-27T22:04:50.772711,Americana,0.0,0,2025-08-15
2025-07-27T23:04:54.766683,Happy Gilmore 2,6.909,175,2025-07-25
2025-07-27T23:04:54.766683,The Fantastic 4: First Steps,7.341,447,2025-07-23
2025-07-27T23:04:54.766683,The Naked Gun,0.0,0,2025-07-30
2025-07-27T23:04:54.766683,Weapons,0.0,0,2025-08-06
2025-07-27T23:04:54.766683,Freakier Friday,0.0,0,2025-08-06
2025-07-27T23:04:54.766683,Alien 2: On Earth,3.549,71,1980-04-11
2025-07-27T23:04:54.766683,Nobody 2,0.0,0,2025-08-13
2025-07-27T23:04:54.766683,Americana,0.0,0,2025-08-15
2025-07-28T00:23:39.204641,Happy Gilmore 2,6.909,175,2025-07-25
2025-07-28T00:23:39.204641,The Fantastic 4: First Steps,7.341,447,2025-07-23
2025-07-28T00:23:39.204641,The Naked Gun,0.0,0,2025-07-30
2025-07-28T00:23:39.204641,Weapons,0.0,0,2025-08-06
2025-07-28T00:23:39.204641,Freakier Friday,0.0,0,2025-08-06
2025-07-28T00:23:39.204641,Alien 2: On Earth,3.549,71,1980-04-11
2025-07-28T00:23:39.204641,Nobody 2,0.0,0,2025-08-13
2025-07-28T00:23:39.204641,Americana,0.0,0,2025-08-15
2025-07-28T01:34:13.630573,Happy Gilmore 2,6.909,175,2025-07-25
2025-07-28T01:34:13.630573,The Fantastic 4: First Steps,7.341,447,2025-07-23
2025-07-28T01:34:13.630573,The Naked Gun,10.0,1,2025-07-30
2025-07-28T01:34:13.630573,Weapons,0.0,0,2025-08-06
2025-07-28T01:34:13.630573,Freakier Friday,0.0,0,2025-08-06
2025-07-28T01:34:13.630573,Alien 2: On Earth,3.549,71,1980-04-11
2025-07-28T01:34:13.630573,Nobody 2,0.0,0,2025-08-13
2025-07-28T01:34:13.630573,Americana,0.0,0,2025-08-15
2025-07-28T02:47:39.372657,Happy Gilmore 2,6.804,212,2025-07-25
2025-07-28T02:47:39.372657,The Fantastic 4: First Steps,7.341,447,2025-07-23
2025-07-28T02:47:39.372657,The Naked Gun,10.0,1,2025-07-30
2025-07-28T02:47:39.372657,Weapons,0.0,0,2025-08-06
2025-07-28T02:47:39.372657,Freakier Friday,0.0,0,2025-08-06
2025-07-28T02:47:39.372657,Alien 2: On Earth,3.549,71,1980-04-11
2025-07-28T02:47:39.372657,Nobody 2,0.0,0,2025-08-13
2025-07-28T02:47:39.372657,Americana,0.0,0,2025-08-15
2025-07-28T03:35:08.808230,Happy Gilmore 2,6.804,212,2025-07-25
2025-07-28T03:35:08.808230,The Fantastic 4: First Steps,7.341,447,2025-07-23
2025-07-28T03:35:08.808230,The Naked Gun,10.0,1,2025-07-30
2025-07-28T03:35:08.808230,Weapons,0.0,0,2025-08-06
2025-07-28T03:35:08.808230,Freakier Friday,0.0,0,2025-08-06
2025-07-28T03:35:08.808230,Alien 2: On Earth,3.549,71,1980-04-11
2025-07-28T03:35:08.808230,Nobody 2,0.0,0,2025-08-13
2025-07-28T03:35:08.808230,Americana,0.0,0,2025-08-15
2025-07-28T04:21:30.081494,Happy Gilmore 2,6.804,212,2025-07-25
2025-07-28T04:21:30.081494,The Fantastic 4: First Steps,7.341,447,2025-07-23
2025-07-28T04:21:30.081494,The Naked Gun,10.0,1,2025-07-30
2025-07-28T04:21:30.081494,Weapons,0.0,0,2025-08-06
2025-07-28T04:21:30.081494,Freakier Friday,0.0,0,2025-08-06
2025-07-28T04:21:30.081494,Alien 2: On Earth,3.549,71,1980-04-11
2025-07-28T04:21:30.081494,Nobody 2,0.0,0,2025-08-13
2025-07-28T04:21:30.081494,Americana,0.0,0,2025-08-15
2025-07-28T05:11:31.453278,Happy Gilmore 2,6.804,212,2025-07-25
2025-07-28T05:11:31.453278,The Fantastic 4: First Steps,7.341,447,2025-07-23
2025-07-28T05:11:31.453278,The Naked Gun,10.0,1,2025-07-30
2025-07-28T05:11:31.453278,Weapons,0.0,0,2025-08-06
2025-07-28T05:11:31.453278,Freakier Friday,0.0,0,2025-08-06
2025-07-28T05:11:31.453278,Alien 2: On Earth,3.549,71,1980-04-11
2025-07-28T05:11:31.453278,Nobody 2,0.0,0,2025-08-13
2025-07-28T05:11:31.453278,Americana,0.0,0,2025-08-15
2025-07-28T06:08:36.666450,Happy Gilmore 2,6.804,212,2025-07-25
2025-07-28T06:08:36.666450,The Fantastic 4: First Steps,7.344,464,2025-07-23
2025-07-28T06:08:36.666450,The Naked Gun,10.0,1,2025-07-30
2025-07-28T06:08:36.666450,Weapons,0.0,0,2025-08-06
2025-07-28T06:08:36.666450,Freakier Friday,0.0,0,2025-08-06
2025-07-28T06:08:36.666450,Alien 2: On Earth,3.549,71,1980-04-11
2025-07-28T06:08:36.666450,Nobody 2,0.0,0,2025-08-13
2025-07-28T06:08:36.666450,Americana,0.0,0,2025-08-15
2025-07-28T07:08:44.794637,Happy Gilmore 2,6.804,212,2025-07-25
2025-07-28T07:08:44.794637,The Fantastic 4: First Steps,7.344,464,2025-07-23
2025-07-28T07:08:44.794637,The Naked Gun,10.0,1,2025-07-30
2025-07-28T07:08:44.794637,Weapons,0.0,0,2025-08-06
2025-07-28T07:08:44.794637,Freakier Friday,0.0,0,2025-08-06
2025-07-28T07:08:44.794637,Alien 2: On Earth,3.549,71,1980-04-11
2025-07-28T07:08:44.794637,Nobody 2,0.0,0,2025-08-13
2025-07-28T07:08:44.794637,Americana,0.0,0,2025-08-15
2025-07-28T08:07:50.360121,Happy Gilmore 2,6.789,225,2025-07-25
2025-07-28T08:07:50.360121,The Fantastic 4: First Steps,7.344,464,2025-07-23
2025-07-28T08:07:50.360121,The Naked Gun,10.0,1,2025-07-30
2025-07-28T08:07:50.360121,Weapons,0.0,0,2025-08-06
2025-07-28T08:07:50.360121,Freakier Friday,0.0,0,2025-08-06
2025-07-28T08:07:50.360121,Alien 2: On Earth,3.549,71,1980-04-11
2025-07-28T08:07:50.360121,Nobody 2,0.0,0,2025-08-13
2025-07-28T08:07:50.360121,Americana,0.0,0,2025-08-15
2025-07-28T09:08:55.671003,Happy Gilmore 2,6.789,225,2025-07-25
2025-07-28T09:08:55.671003,The Fantastic 4: First Steps,7.344,464,2025-07-23
2025-07-28T09:08:55.671003,The Naked Gun,10.0,1,2025-07-30
2025-07-28T09:08:55.671003,Weapons,0.0,0,2025-08-06
2025-07-28T09:08:55.671003,Freakier Friday,0.0,0,2025-08-06
2025-07-28T09:08:55.671003,Alien 2: On Earth,3.549,71,1980-04-11
2025-07-28T09:08:55.671003,Nobody 2,0.0,0,2025-08-13
2025-07-28T09:08:55.671003,Americana,0.0,0,2025-08-15
2025-07-28T10:05:54.286837,Happy Gilmore 2,6.789,225,2025-07-25
2025-07-28T10:05:54.286837,The Fantastic 4: First Steps,7.344,464,2025-07-23
2025-07-28T10:05:54.286837,The Naked Gun,10.0,1,2025-07-30
2025-07-28T10:05:54.286837,Weapons,0.0,0,2025-08-06
2025-07-28T10:05:54.286837,Freakier Friday,0.0,0,2025-08-06
2025-07-28T10:05:54.286837,Alien 2: On Earth,3.549,71,1980-04-11
2025-07-28T10:05:54.286837,Nobody 2,0.0,0,2025-08-13
2025-07-28T10:05:54.286837,Americana,0.0,0,2025-08-15
2025-07-28T11:05:02.821152,Happy Gilmore 2,6.789,225,2025-07-25
2025-07-28T11:05:02.821152,The Fantastic 4: First Steps,7.344,464,2025-07-23
2025-07-28T11:05:02.821152,The Naked Gun,10.0,1,2025-07-30
2025-07-28T11:05:02.821152,Weapons,0.0,0,2025-08-06
2025-07-28T11:05:02.821152,Freakier Friday,0.0,0,2025-08-06
2025-07-28T11:05:02.821152,Alien 2: On Earth,3.549,71,1980-04-11
2025-07-28T11:05:02.821152,Nobody 2,0.0,0,2025-08-13
2025-07-28T11:05:02.821152,Americana,0.0,0,2025-08-15
2025-07-28T12:08:40.219047,Happy Gilmore 2,6.789,225,2025-07-25
2025-07-28T12:08:40.219047,The Fantastic 4: First Steps,7.337,470,2025-07-23
2025-07-28T12:08:40.219047,The Naked Gun,10.0,1,2025-07-30
2025-07-28T12:08:40.219047,Weapons,0.0,0,2025-08-06
2025-07-28T12:08:40.219047,Freakier Friday,0.0,0,2025-08-06
2025-07-28T12:08:40.219047,Alien 2: On Earth,3.549,71,1980-04-11
2025-07-28T12:08:40.219047,Nobody 2,0.0,0,2025-08-13
2025-07-28T12:08:40.219047,Americana,0.0,0,2025-08-15
2025-07-28T13:17:26.529359,Happy Gilmore 2,6.789,225,2025-07-25
2025-07-28T13:17:26.529359,The Fantastic 4: First Steps,7.337,470,2025-07-23
2025-07-28T13:17:26.529359,The Naked Gun,10.0,1,2025-07-30
2025-07-28T13:17:26.529359,Weapons,0.0,0,2025-08-06
2025-07-28T13:17:26.529359,Freakier Friday,0.0,0,2025-08-06
2025-07-28T13:17:26.529359,Alien 2: On Earth,3.549,71,1980-04-11
2025-07-28T13:17:26.529359,Nobody 2,0.0,0,2025-08-13
2025-07-28T13:17:26.529359,Americana,0.0,0,2025-08-15
2025-07-28T14:06:46.532459,Happy Gilmore 2,6.789,225,2025-07-25
2025-07-28T14:06:46.532459,The Fantastic 4: First Steps,7.337,470,2025-07-23
2025-07-28T14:06:46.532459,The Naked Gun,10.0,1,2025-07-30
2025-07-28T14:06:46.532459,Weapons,0.0,0,2025-08-06
2025-07-28T14:06:46.532459,Freakier Friday,0.0,0,2025-08-06
2025-07-28T14:06:46.532459,Alien 2: On Earth,3.549,71,1980-04-11
2025-07-28T14:06:46.532459,Nobody 2,0.0,0,2025-08-13
2025-07-28T14:06:46.532459,Americana,0.0,0,2025-08-15
2025-07-28T15:05:40.105258,Happy Gilmore 2,6.8,230,2025-07-25
2025-07-28T15:05:40.105258,The Fantastic 4: First Steps,7.337,470,2025-07-23
2025-07-28T15:05:40.105258,The Naked Gun,10.0,1,2025-07-30
2025-07-28T15:05:40.105258,Weapons,0.0,0,2025-08-06
2025-07-28T15:05:40.105258,Freakier Friday,0.0,0,2025-08-06
2025-07-28T15:05:40.105258,Alien 2: On Earth,3.549,71,1980-04-11
2025-07-28T15:05:40.105258,Nobody 2,0.0,0,2025-08-13
2025-07-28T15:05:40.105258,Americana,0.0,0,2025-08-15
2025-07-28T16:06:13.116988,Happy Gilmore 2,6.8,230,2025-07-25
2025-07-28T16:06:13.116988,The Fantastic 4: First Steps,7.337,470,2025-07-23
2025-07-28T16:06:13.116988,The Naked Gun,9.0,2,2025-07-30
2025-07-28T16:06:13.116988,Weapons,0.0,0,2025-08-06
2025-07-28T16:06:13.116988,Freakier Friday,0.0,0,2025-08-06
2025-07-28T16:06:13.116988,Alien 2: On Earth,3.549,71,1980-04-11
2025-07-28T16:06:13.116988,Nobody 2,0.0,0,2025-08-13
2025-07-28T16:06:13.116988,Americana,0.0,0,2025-08-15
2025-07-28T17:07:19.377966,Happy Gilmore 2,6.8,230,2025-07-25
2025-07-28T17:07:19.377966,The Fantastic 4: First Steps,7.337,470,2025-07-23
2025-07-28T17:07:19.377966,The Naked Gun,9.0,2,2025-07-30
2025-07-28T17:07:19.377966,Weapons,0.0,0,2025-08-06
2025-07-28T17:07:19.377966,Freakier Friday,0.0,0,2025-08-06
2025-07-28T17:07:19.377966,Alien 2: On Earth,3.549,71,1980-04-11
2025-07-28T17:07:19.377966,Nobody 2,0.0,0,2025-08-13
2025-07-28T17:07:19.377966,Americana,0.0,0,2025-08-15
2025-07-28T18:07:01.347794,Happy Gilmore 2,6.8,230,2025-07-25
2025-07-28T18:07:01.347794,The Fantastic 4: First Steps,7.337,470,2025-07-23
2025-07-28T18:07:01.347794,The Naked Gun,9.0,2,2025-07-30
2025-07-28T18:07:01.347794,Weapons,0.0,0,2025-08-06
2025-07-28T18:07:01.347794,Freakier Friday,0.0,0,2025-08-06
2025-07-28T18:07:01.347794,Alien 2: On Earth,3.549,71,1980-04-11
2025-07-28T18:07:01.347794,Nobody 2,0.0,0,2025-08-13
2025-07-28T18:07:01.347794,Americana,0.0,0,2025-08-15
2025-07-28T19:06:04.568620,Happy Gilmore 2,6.8,230,2025-07-25
2025-07-28T19:06:04.568620,The Fantastic 4: First Steps,7.337,470,2025-07-23
2025-07-28T19:06:04.568620,The Naked Gun,9.0,2,2025-07-30
2025-07-28T19:06:04.568620,Weapons,0.0,0,2025-08-06
2025-07-28T19:06:04.568620,Freakier Friday,0.0,0,2025-08-06
2025-07-28T19:06:04.568620,Alien 2: On Earth,3.549,71,1980-04-11
2025-07-28T19:06:04.568620,Nobody 2,0.0,0,2025-08-13
2025-07-28T19:06:04.568620,Americana,0.0,0,2025-08-15
2025-07-28T20:05:51.505060,Happy Gilmore 2,6.8,230,2025-07-25
2025-07-28T20:05:51.505060,The Fantastic 4: First Steps,7.4,492,2025-07-23
2025-07-28T20:05:51.505060,The Naked Gun,9.0,2,2025-07-30
2025-07-28T20:05:51.505060,Weapons,0.0,0,2025-08-06
2025-07-28T20:05:51.505060,Freakier Friday,0.0,0,2025-08-06
2025-07-28T20:05:51.505060,Alien 2: On Earth,3.549,71,1980-04-11
2025-07-28T20:05:51.505060,Nobody 2,0.0,0,2025-08-13
2025-07-28T20:05:51.505060,Americana,0.0,0,2025-08-15
2025-07-28T21:04:51.421864,Happy Gilmore 2,6.8,230,2025-07-25
2025-07-28T21:04:51.421864,The Fantastic 4: First Steps,7.4,492,2025-07-23
2025-07-28T21:04:51.421864,The Naked Gun,9.0,2,2025-07-30
2025-07-28T21:04:51.421864,Weapons,0.0,0,2025-08-06
2025-07-28T21:04:51.421864,Freakier Friday,0.0,0,2025-08-06
2025-07-28T21:04:51.421864,Alien 2: On Earth,3.549,71,1980-04-11
2025-07-28T21:04:51.421864,Nobody 2,0.0,0,2025-08-13
2025-07-28T21:04:51.421864,Americana,0.0,0,2025-08-15
2025-07-28T22:05:04.628888,Happy Gilmore 2,6.7,246,2025-07-25
2025-07-28T22:05:04.628888,The Fantastic 4: First Steps,7.4,492,2025-07-23
2025-07-28T22:05:04.628888,The Naked Gun,9.0,2,2025-07-30
2025-07-28T22:05:04.628888,Weapons,0.0,0,2025-08-06
2025-07-28T22:05:04.628888,Freakier Friday,0.0,0,2025-08-06
2025-07-28T22:05:04.628888,Alien 2: On Earth,3.549,71,1980-04-11
2025-07-28T22:05:04.628888,Nobody 2,0.0,0,2025-08-13
2025-07-28T22:05:04.628888,Americana,0.0,0,2025-08-15
2025-07-28T23:05:09.160575,Happy Gilmore 2,6.7,246,2025-07-25
2025-07-28T23:05:09.160575,The Fantastic 4: First Steps,7.4,492,2025-07-23
2025-07-28T23:05:09.160575,The Naked Gun,9.0,2,2025-07-30
2025-07-28T23:05:09.160575,Weapons,0.0,0,2025-08-06
2025-07-28T23:05:09.160575,Freakier Friday,0.0,0,2025-08-06
2025-07-28T23:05:09.160575,Alien 2: On Earth,3.549,71,1980-04-11
2025-07-28T23:05:09.160575,Nobody 2,0.0,0,2025-08-13
2025-07-28T23:05:09.160575,Americana,0.0,0,2025-08-15
2025-07-29T00:24:05.499452,Happy Gilmore 2,6.7,246,2025-07-25
2025-07-29T00:24:05.499452,The Fantastic 4: First Steps,7.4,492,2025-07-23
2025-07-29T00:24:05.499452,The Naked Gun,8.0,4,2025-07-30
2025-07-29T00:24:05.499452,Weapons,0.0,0,2025-08-06
2025-07-29T00:24:05.499452,Freakier Friday,0.0,0,2025-08-06
2025-07-29T00:24:05.499452,Alien 2: On Earth,3.549,71,1980-04-11
2025-07-29T00:24:05.499452,Nobody 2,0.0,0,2025-08-13
2025-07-29T00:24:05.499452,Americana,0.0,0,2025-08-15
2025-07-29T01:34:54.130918,Happy Gilmore 2,6.7,246,2025-07-25
2025-07-29T01:34:54.130918,The Fantastic 4: First Steps,7.4,492,2025-07-23
2025-07-29T01:34:54.130918,The Naked Gun,8.0,4,2025-07-30
2025-07-29T01:34:54.130918,Weapons,0.0,0,2025-08-06
2025-07-29T01:34:54.130918,Freakier Friday,0.0,0,2025-08-06
2025-07-29T01:34:54.130918,Alien 2: On Earth,3.549,71,1980-04-11
2025-07-29T01:34:54.130918,Nobody 2,0.0,0,2025-08-13
2025-07-29T01:34:54.130918,Americana,0.0,0,2025-08-15
2025-07-29T02:49:47.695124,Happy Gilmore 2,6.7,246,2025-07-25
2025-07-29T02:49:47.695124,The Fantastic 4: First Steps,7.4,492,2025-07-23
2025-07-29T02:49:47.695124,The Naked Gun,8.0,4,2025-07-30
2025-07-29T02:49:47.695124,Weapons,0.0,0,2025-08-06
2025-07-29T02:49:47.695124,Freakier Friday,0.0,0,2025-08-06
2025-07-29T02:49:47.695124,Alien 2: On Earth,3.549,71,1980-04-11
2025-07-29T02:49:47.695124,Nobody 2,0.0,0,2025-08-13
2025-07-29T02:49:47.695124,Americana,0.0,0,2025-08-15
2025-07-29T03:36:47.871269,Happy Gilmore 2,6.7,246,2025-07-25
2025-07-29T03:36:47.871269,The Fantastic 4: First Steps,7.376,522,2025-07-23
2025-07-29T03:36:47.871269,The Naked Gun,8.0,4,2025-07-30
2025-07-29T03:36:47.871269,Weapons,0.0,0,2025-08-06
2025-07-29T03:36:47.871269,Freakier Friday,0.0,0,2025-08-06
2025-07-29T03:36:47.871269,Alien 2: On Earth,3.549,71,1980-04-11
2025-07-29T03:36:47.871269,Nobody 2,0.0,0,2025-08-13
2025-07-29T03:36:47.871269,Americana,0.0,0,2025-08-15
2025-07-29T04:22:25.174025,Happy Gilmore 2,6.708,264,2025-07-25
2025-07-29T04:22:25.174025,The Fantastic 4: First Steps,7.376,522,2025-07-23
2025-07-29T04:22:25.174025,The Naked Gun,8.0,4,2025-07-30
2025-07-29T04:22:25.174025,Weapons,0.0,0,2025-08-06
2025-07-29T04:22:25.174025,Freakier Friday,0.0,0,2025-08-06
2025-07-29T04:22:25.174025,Alien 2: On Earth,3.549,71,1980-04-11
2025-07-29T04:22:25.174025,Nobody 2,0.0,0,2025-08-13
2025-07-29T04:22:25.174025,Americana,0.0,0,2025-08-15
2025-07-29T05:11:46.045740,Happy Gilmore 2,6.708,264,2025-07-25
2025-07-29T05:11:46.045740,The Fantastic 4: First Steps,7.376,522,2025-07-23
2025-07-29T05:11:46.045740,The Naked Gun,8.0,4,2025-07-30
2025-07-29T05:11:46.045740,Weapons,0.0,0,2025-08-06
2025-07-29T05:11:46.045740,Freakier Friday,0.0,0,2025-08-06
2025-07-29T05:11:46.045740,Alien 2: On Earth,3.549,71,1980-04-11
2025-07-29T05:11:46.045740,Nobody 2,0.0,0,2025-08-13
2025-07-29T05:11:46.045740,Americana,0.0,0,2025-08-15
2025-07-29T06:07:50.690775,Happy Gilmore 2,6.708,264,2025-07-25
2025-07-29T06:07:50.690775,The Fantastic 4: First Steps,7.376,522,2025-07-23
2025-07-29T06:07:50.690775,The Naked Gun,8.0,4,2025-07-30
2025-07-29T06:07:50.690775,Weapons,0.0,0,2025-08-06
2025-07-29T06:07:50.690775,Freakier Friday,0.0,0,2025-08-06
2025-07-29T06:07:50.690775,Alien 2: On Earth,3.549,71,1980-04-11
2025-07-29T06:07:50.690775,Nobody 2,0.0,0,2025-08-13
2025-07-29T06:07:50.690775,Americana,0.0,0,2025-08-15
2025-07-29T07:07:52.613343,Happy Gilmore 2,6.708,264,2025-07-25
2025-07-29T07:07:52.613343,The Fantastic 4: First Steps,7.376,522,2025-07-23
2025-07-29T07:07:52.613343,The Naked Gun,8.0,4,2025-07-30
2025-07-29T07:07:52.613343,Weapons,0.0,0,2025-08-06
2025-07-29T07:07:52.613343,Freakier Friday,0.0,0,2025-08-06
2025-07-29T07:07:52.613343,Alien 2: On Earth,3.549,71,1980-04-11
2025-07-29T07:07:52.613343,Nobody 2,0.0,0,2025-08-13
2025-07-29T07:07:52.613343,Americana,0.0,0,2025-08-15
2025-07-29T08:06:55.564594,Happy Gilmore 2,6.708,264,2025-07-25
2025-07-29T08:06:55.564594,The Fantastic 4: First Steps,7.376,522,2025-07-23
2025-07-29T08:06:55.564594,The Naked Gun,8.0,4,2025-07-30
2025-07-29T08:06:55.564594,Weapons,0.0,0,2025-08-06
2025-07-29T08:06:55.564594,Freakier Friday,0.0,0,2025-08-06
2025-07-29T08:06:55.564594,Alien 2: On Earth,3.549,71,1980-04-11
2025-07-29T08:06:55.564594,Nobody 2,0.0,0,2025-08-13
2025-07-29T08:06:55.564594,Americana,0.0,0,2025-08-15
2025-07-29T09:08:14.661175,Happy Gilmore 2,6.708,264,2025-07-25
2025-07-29T09:08:14.661175,The Fantastic 4: First Steps,7.376,522,2025-07-23
2025-07-29T09:08:14.661175,The Naked Gun,8.0,4,2025-07-30
2025-07-29T09:08:14.661175,Weapons,0.0,0,2025-08-06
2025-07-29T09:08:14.661175,Freakier Friday,0.0,0,2025-08-06
2025-07-29T09:08:14.661175,Alien 2: On Earth,3.549,71,1980-04-11
2025-07-29T09:08:14.661175,Nobody 2,0.0,0,2025-08-13
2025-07-29T09:08:14.661175,Americana,0.0,0,2025-08-15
2025-07-29T10:05:53.019929,Happy Gilmore 2,6.708,264,2025-07-25
2025-07-29T10:05:53.019929,The Fantastic 4: First Steps,7.376,522,2025-07-23
2025-07-29T10:05:53.019929,The Naked Gun,8.0,4,2025-07-30
2025-07-29T10:05:53.019929,Weapons,0.0,0,2025-08-06
2025-07-29T10:05:53.019929,Freakier Friday,0.0,0,2025-08-06
2025-07-29T10:05:53.019929,Alien 2: On Earth,3.549,71,1980-04-11
2025-07-29T10:05:53.019929,Nobody 2,0.0,0,2025-08-13
2025-07-29T10:05:53.019929,Americana,0.0,0,2025-08-15
2025-07-29T11:04:53.195191,Happy Gilmore 2,6.708,264,2025-07-25
2025-07-29T11:04:53.195191,The Fantastic 4: First Steps,7.362,533,2025-07-23
2025-07-29T11:04:53.195191,The Naked Gun,8.0,4,2025-07-30
2025-07-29T11:04:53.195191,Weapons,0.0,0,2025-08-06
2025-07-29T11:04:53.195191,Freakier Friday,0.0,0,2025-08-06
2025-07-29T11:04:53.195191,Alien 2: On Earth,3.549,71,1980-04-11
2025-07-29T11:04:53.195191,Nobody 2,0.0,0,2025-08-13
2025-07-29T11:04:53.195191,Americana,0.0,0,2025-08-15
2025-07-29T12:09:03.846011,Happy Gilmore 2,6.71,276,2025-07-25
2025-07-29T12:09:03.846011,The Fantastic 4: First Steps,7.362,533,2025-07-23
2025-07-29T12:09:03.846011,The Naked Gun,8.0,4,2025-07-30
2025-07-29T12:09:03.846011,Weapons,0.0,0,2025-08-06
2025-07-29T12:09:03.846011,Freakier Friday,0.0,0,2025-08-06
2025-07-29T12:09:03.846011,Alien 2: On Earth,3.549,71,1980-04-11
2025-07-29T12:09:03.846011,Nobody 2,0.0,0,2025-08-13
2025-07-29T12:09:03.846011,Americana,0.0,0,2025-08-15
2025-07-29T13:17:46.713112,Happy Gilmore 2,6.71,276,2025-07-25
2025-07-29T13:17:46.713112,The Fantastic 4: First Steps,7.362,533,2025-07-23
2025-07-29T13:17:46.713112,The Naked Gun,8.0,4,2025-07-30
2025-07-29T13:17:46.713112,Weapons,0.0,0,2025-08-06
2025-07-29T13:17:46.713112,Freakier Friday,0.0,0,2025-08-06
2025-07-29T13:17:46.713112,Alien 2: On Earth,3.549,71,1980-04-11
2025-07-29T13:17:46.713112,Nobody 2,0.0,0,2025-08-13
2025-07-29T13:17:46.713112,Americana,0.0,0,2025-08-15
2025-07-29T14:07:43.007782,Happy Gilmore 2,6.71,276,2025-07-25
2025-07-29T14:07:43.007782,The Fantastic 4: First Steps,7.362,533,2025-07-23
2025-07-29T14:07:43.007782,The Naked Gun,8.0,4,2025-07-30
2025-07-29T14:07:43.007782,Weapons,0.0,0,2025-08-06
2025-07-29T14:07:43.007782,Freakier Friday,0.0,0,2025-08-06
2025-07-29T14:07:43.007782,Alien 2: On Earth,3.549,71,1980-04-11
2025-07-29T14:07:43.007782,Nobody 2,0.0,0,2025-08-13
2025-07-29T14:07:43.007782,Americana,0.0,0,2025-08-15
2025-07-29T15:06:58.630687,Happy Gilmore 2,6.71,276,2025-07-25
2025-07-29T15:06:58.630687,The Fantastic 4: First Steps,7.362,533,2025-07-23
2025-07-29T15:06:58.630687,The Naked Gun,8.0,4,2025-07-30
2025-07-29T15:06:58.630687,Weapons,0.0,0,2025-08-06
2025-07-29T15:06:58.630687,Freakier Friday,0.0,0,2025-08-06
2025-07-29T15:06:58.630687,Alien 2: On Earth,3.549,71,1980-04-11
2025-07-29T15:06:58.630687,Nobody 2,0.0,0,2025-08-13
2025-07-29T15:06:58.630687,Americana,0.0,0,2025-08-15
2025-07-29T16:06:28.219820,Happy Gilmore 2,6.71,276,2025-07-25
2025-07-29T16:06:28.219820,The Fantastic 4: First Steps,7.362,533,2025-07-23
2025-07-29T16:06:28.219820,The Naked Gun,8.0,4,2025-07-30
2025-07-29T16:06:28.219820,Weapons,0.0,0,2025-08-06
2025-07-29T16:06:28.219820,Freakier Friday,0.0,0,2025-08-06
2025-07-29T16:06:28.219820,Alien 2: On Earth,3.549,71,1980-04-11
2025-07-29T16:06:28.219820,Nobody 2,0.0,0,2025-08-13
2025-07-29T16:06:28.219820,Americana,0.0,0,2025-08-15
2025-07-29T17:07:16.305053,Happy Gilmore 2,6.71,276,2025-07-25
2025-07-29T17:07:16.305053,The Fantastic 4: First Steps,7.362,533,2025-07-23
2025-07-29T17:07:16.305053,The Naked Gun,8.0,4,2025-07-30
2025-07-29T17:07:16.305053,Weapons,0.0,0,2025-08-06
2025-07-29T17:07:16.305053,Freakier Friday,0.0,0,2025-08-06
2025-07-29T17:07:16.305053,Alien 2: On Earth,3.549,71,1980-04-11
2025-07-29T17:07:16.305053,Nobody 2,0.0,0,2025-08-13
2025-07-29T17:07:16.305053,Americana,0.0,0,2025-08-15
2025-07-29T18:07:05.714655,Happy Gilmore 2,6.7,283,2025-07-25
2025-07-29T18:07:05.714655,The Fantastic 4: First Steps,7.354,552,2025-07-23
2025-07-29T18:07:05.714655,The Naked Gun,8.0,4,2025-07-30
2025-07-29T18:07:05.714655,Weapons,0.0,0,2025-08-06
2025-07-29T18:07:05.714655,Freakier Friday,0.0,0,2025-08-06
2025-07-29T18:07:05.714655,Alien 2: On Earth,3.549,71,1980-04-11
2025-07-29T18:07:05.714655,Nobody 2,0.0,0,2025-08-13
2025-07-29T18:07:05.714655,Americana,0.0,0,2025-08-15
2025-07-29T19:06:38.329960,Happy Gilmore 2,6.7,283,2025-07-25
2025-07-29T19:06:38.329960,The Fantastic 4: First Steps,7.354,552,2025-07-23
2025-07-29T19:06:38.329960,The Naked Gun,8.0,4,2025-07-30
2025-07-29T19:06:38.329960,Weapons,0.0,0,2025-08-06
2025-07-29T19:06:38.329960,Freakier Friday,0.0,0,2025-08-06
2025-07-29T19:06:38.329960,Alien 2: On Earth,3.549,71,1980-04-11
2025-07-29T19:06:38.329960,Nobody 2,0.0,0,2025-08-13
2025-07-29T19:06:38.329960,Americana,0.0,0,2025-08-15
2025-07-29T20:05:52.375308,Happy Gilmore 2,6.7,283,2025-07-25
2025-07-29T20:05:52.375308,The Fantastic 4: First Steps,7.354,552,2025-07-23
2025-07-29T20:05:52.375308,The Naked Gun,8.4,5,2025-07-30
2025-07-29T20:05:52.375308,Weapons,0.0,0,2025-08-06
2025-07-29T20:05:52.375308,Freakier Friday,0.0,0,2025-08-06
2025-07-29T20:05:52.375308,Alien 2: On Earth,3.549,71,1980-04-11
2025-07-29T20:05:52.375308,Nobody 2,0.0,0,2025-08-13
2025-07-29T20:05:52.375308,Americana,0.0,0,2025-08-15
2025-07-29T21:04:53.745738,Happy Gilmore 2,6.7,283,2025-07-25
2025-07-29T21:04:53.745738,The Fantastic 4: First Steps,7.354,552,2025-07-23
2025-07-29T21:04:53.745738,The Naked Gun,8.4,5,2025-07-30
2025-07-29T21:04:53.745738,Weapons,0.0,0,2025-08-06
2025-07-29T21:04:53.745738,Freakier Friday,0.0,0,2025-08-06
2025-07-29T21:04:53.745738,Alien 2: On Earth,3.549,71,1980-04-11
2025-07-29T21:04:53.745738,Nobody 2,0.0,0,2025-08-13
2025-07-29T21:04:53.745738,Americana,0.0,0,2025-08-15
2025-07-29T22:05:04.389352,Happy Gilmore 2,6.7,283,2025-07-25
2025-07-29T22:05:04.389352,The Fantastic 4: First Steps,7.354,552,2025-07-23
2025-07-29T22:05:04.389352,The Naked Gun,8.4,5,2025-07-30
2025-07-29T22:05:04.389352,Weapons,0.0,0,2025-08-06
2025-07-29T22:05:04.389352,Freakier Friday,0.0,0,2025-08-06
2025-07-29T22:05:04.389352,Alien 2: On Earth,3.549,71,1980-04-11
2025-07-29T22:05:04.389352,Nobody 2,0.0,0,2025-08-13
2025-07-29T22:05:04.389352,Americana,0.0,0,2025-08-15
2025-07-29T23:05:02.550068,Happy Gilmore 2,6.7,283,2025-07-25
2025-07-29T23:05:02.550068,The Fantastic 4: First Steps,7.354,552,2025-07-23
2025-07-29T23:05:02.550068,The Naked Gun,8.4,5,2025-07-30
2025-07-29T23:05:02.550068,Weapons,0.0,0,2025-08-06
2025-07-29T23:05:02.550068,Freakier Friday,0.0,0,2025-08-06
2025-07-29T23:05:02.550068,Alien 2: On Earth,3.549,71,1980-04-11
2025-07-29T23:05:02.550068,Nobody 2,0.0,0,2025-08-13
2025-07-29T23:05:02.550068,Americana,0.0,0,2025-08-15
2025-07-30T00:22:24.042411,Happy Gilmore 2,6.694,296,2025-07-25
2025-07-30T00:22:24.042411,The Fantastic 4: First Steps,7.354,552,2025-07-23
2025-07-30T00:22:24.042411,The Naked Gun,8.4,5,2025-07-30
2025-07-30T00:22:24.042411,Weapons,0.0,0,2025-08-06
2025-07-30T00:22:24.042411,Freakier Friday,0.0,0,2025-08-06
2025-07-30T00:22:24.042411,Alien 2: On Earth,3.549,71,1980-04-11
2025-07-30T00:22:24.042411,Nobody 2,0.0,0,2025-08-13
2025-07-30T00:22:24.042411,Americana,0.0,0,2025-08-15
2025-07-30T01:33:55.445355,Happy Gilmore 2,6.694,296,2025-07-25
2025-07-30T01:33:55.445355,The Fantastic 4: First Steps,7.354,552,2025-07-23
2025-07-30T01:33:55.445355,The Naked Gun,8.4,5,2025-07-30
2025-07-30T01:33:55.445355,Weapons,0.0,0,2025-08-06
2025-07-30T01:33:55.445355,Freakier Friday,0.0,0,2025-08-06
2025-07-30T01:33:55.445355,Alien 2: On Earth,3.549,71,1980-04-11
2025-07-30T01:33:55.445355,Nobody 2,0.0,0,2025-08-13
2025-07-30T01:33:55.445355,Americana,0.0,0,2025-08-15
2025-07-30T02:45:08.179931,Happy Gilmore 2,6.694,296,2025-07-25
2025-07-30T02:45:08.179931,The Fantastic 4: First Steps,7.339,579,2025-07-23
2025-07-30T02:45:08.179931,The Naked Gun,8.4,5,2025-07-30
2025-07-30T02:45:08.179931,Weapons,0.0,0,2025-08-06
2025-07-30T02:45:08.179931,Freakier Friday,0.0,0,2025-08-06
2025-07-30T02:45:08.179931,Alien 2: On Earth,3.549,71,1980-04-11
2025-07-30T02:45:08.179931,Nobody 2,0.0,0,2025-08-13
2025-07-30T02:45:08.179931,Americana,0.0,0,2025-08-15
2025-07-30T03:34:13.522725,Happy Gilmore 2,6.694,296,2025-07-25
2025-07-30T03:34:13.522725,The Fantastic 4: First Steps,7.339,579,2025-07-23
2025-07-30T03:34:13.522725,The Naked Gun,8.4,5,2025-07-30
2025-07-30T03:34:13.522725,Weapons,0.0,0,2025-08-06
2025-07-30T03:34:13.522725,Freakier Friday,0.0,0,2025-08-06
2025-07-30T03:34:13.522725,Alien 2: On Earth,3.549,71,1980-04-11
2025-07-30T03:34:13.522725,Nobody 2,0.0,0,2025-08-13
2025-07-30T03:34:13.522725,Americana,0.0,0,2025-08-15
2025-07-30T04:20:32.253103,Happy Gilmore 2,6.694,296,2025-07-25
2025-07-30T04:20:32.253103,The Fantastic 4: First Steps,7.339,579,2025-07-23
2025-07-30T04:20:32.253103,The Naked Gun,8.4,5,2025-07-30
2025-07-30T04:20:32.253103,Weapons,0.0,0,2025-08-06
2025-07-30T04:20:32.253103,Freakier Friday,0.0,0,2025-08-06
2025-07-30T04:20:32.253103,Alien 2: On Earth,3.549,71,1980-04-11
2025-07-30T04:20:32.253103,Nobody 2,0.0,0,2025-08-13
2025-07-30T04:20:32.253103,Americana,0.0,0,2025-08-15
2025-07-30T05:11:38.454338,Happy Gilmore 2,6.694,296,2025-07-25
2025-07-30T05:11:38.454338,The Fantastic 4: First Steps,7.339,579,2025-07-23
2025-07-30T05:11:38.454338,The Naked Gun,8.4,5,2025-07-30
2025-07-30T05:11:38.454338,Weapons,0.0,0,2025-08-06
2025-07-30T05:11:38.454338,Freakier Friday,0.0,0,2025-08-06
2025-07-30T05:11:38.454338,Alien 2: On Earth,3.549,71,1980-04-11
2025-07-30T05:11:38.454338,Nobody 2,0.0,0,2025-08-13
2025-07-30T05:11:38.454338,Americana,0.0,0,2025-08-15
2025-07-30T06:08:06.436061,Happy Gilmore 2,6.694,296,2025-07-25
2025-07-30T06:08:06.436061,The Fantastic 4: First Steps,7.339,579,2025-07-23
2025-07-30T06:08:06.436061,The Naked Gun,8.4,5,2025-07-30
2025-07-30T06:08:06.436061,Weapons,0.0,0,2025-08-06
2025-07-30T06:08:06.436061,Freakier Friday,0.0,0,2025-08-06
2025-07-30T06:08:06.436061,Alien 2: On Earth,3.549,71,1980-04-11
2025-07-30T06:08:06.436061,Nobody 2,0.0,0,2025-08-13
2025-07-30T06:08:06.436061,Americana,0.0,0,2025-08-15
2025-07-30T07:08:35.631419,Happy Gilmore 2,6.694,296,2025-07-25
2025-07-30T07:08:35.631419,The Fantastic 4: First Steps,7.339,579,2025-07-23
2025-07-30T07:08:35.631419,The Naked Gun,8.4,5,2025-07-30
2025-07-30T07:08:35.631419,Weapons,0.0,0,2025-08-06
2025-07-30T07:08:35.631419,Freakier Friday,0.0,0,2025-08-06
2025-07-30T07:08:35.631419,Alien 2: On Earth,3.549,71,1980-04-11
2025-07-30T07:08:35.631419,Nobody 2,0.0,0,2025-08-13
2025-07-30T07:08:35.631419,Americana,0.0,0,2025-08-15
2025-07-30T08:07:13.168867,Happy Gilmore 2,6.763,304,2025-07-25
2025-07-30T08:07:13.168867,The Fantastic 4: First Steps,7.339,579,2025-07-23
2025-07-30T08:07:13.168867,The Naked Gun,8.4,5,2025-07-30
2025-07-30T08:07:13.168867,Weapons,0.0,0,2025-08-06
2025-07-30T08:07:13.168867,Freakier Friday,0.0,0,2025-08-06
2025-07-30T08:07:13.168867,Alien 2: On Earth,3.549,71,1980-04-11
2025-07-30T08:07:13.168867,Nobody 2,0.0,0,2025-08-13
2025-07-30T08:07:13.168867,Americana,0.0,0,2025-08-15
2025-07-30T09:08:48.969561,Happy Gilmore 2,6.763,304,2025-07-25
2025-07-30T09:08:48.969561,The Fantastic 4: First Steps,7.3,589,2025-07-23
2025-07-30T09:08:48.969561,The Naked Gun,8.4,5,2025-07-30
2025-07-30T09:08:48.969561,Weapons,0.0,0,2025-08-06
2025-07-30T09:08:48.969561,Freakier Friday,0.0,0,2025-08-06
2025-07-30T09:08:48.969561,Alien 2: On Earth,3.549,71,1980-04-11
2025-07-30T09:08:48.969561,Nobody 2,0.0,0,2025-08-13
2025-07-30T09:08:48.969561,Americana,0.0,0,2025-08-15
2025-07-30T10:06:07.962604,Happy Gilmore 2,6.763,304,2025-07-25
2025-07-30T10:06:07.962604,The Fantastic 4: First Steps,7.3,589,2025-07-23
2025-07-30T10:06:07.962604,The Naked Gun,8.4,5,2025-07-30
2025-07-30T10:06:07.962604,Weapons,0.0,0,2025-08-06
2025-07-30T10:06:07.962604,Freakier Friday,0.0,0,2025-08-06
2025-07-30T10:06:07.962604,Alien 2: On Earth,3.549,71,1980-04-11
2025-07-30T10:06:07.962604,Nobody 2,0.0,0,2025-08-13
2025-07-30T10:06:07.962604,Americana,0.0,0,2025-08-15
2025-07-30T11:04:56.680009,Happy Gilmore 2,6.763,304,2025-07-25
2025-07-30T11:04:56.680009,The Fantastic 4: First Steps,7.3,589,2025-07-23
2025-07-30T11:04:56.680009,The Naked Gun,8.4,5,2025-07-30
2025-07-30T11:04:56.680009,Weapons,0.0,0,2025-08-06
2025-07-30T11:04:56.680009,Freakier Friday,0.0,0,2025-08-06
2025-07-30T11:04:56.680009,Alien 2: On Earth,3.549,71,1980-04-11
2025-07-30T11:04:56.680009,Nobody 2,0.0,0,2025-08-13
2025-07-30T11:04:56.680009,Americana,0.0,0,2025-08-15
2025-07-30T12:08:41.588043,Happy Gilmore 2,6.763,304,2025-07-25
2025-07-30T12:08:41.588043,The Fantastic 4: First Steps,7.3,589,2025-07-23
2025-07-30T12:08:41.588043,The Naked Gun,8.4,5,2025-07-30
2025-07-30T12:08:41.588043,Weapons,0.0,0,2025-08-06
2025-07-30T12:08:41.588043,Freakier Friday,0.0,0,2025-08-06
2025-07-30T12:08:41.588043,Alien 2: On Earth,3.549,71,1980-04-11
2025-07-30T12:08:41.588043,Nobody 2,0.0,0,2025-08-13
2025-07-30T12:08:41.588043,Americana,0.0,0,2025-08-15
2025-07-30T13:17:24.774202,Happy Gilmore 2,6.763,304,2025-07-25
2025-07-30T13:17:24.774202,The Fantastic 4: First Steps,7.3,589,2025-07-23
2025-07-30T13:17:24.774202,The Naked Gun,8.4,5,2025-07-30
2025-07-30T13:17:24.774202,Weapons,0.0,0,2025-08-06
2025-07-30T13:17:24.774202,Freakier Friday,0.0,0,2025-08-06
2025-07-30T13:17:24.774202,Alien 2: On Earth,3.549,71,1980-04-11
2025-07-30T13:17:24.774202,Nobody 2,0.0,0,2025-08-13
2025-07-30T13:17:24.774202,Americana,0.0,0,2025-08-15
2025-07-30T14:06:41.644234,Happy Gilmore 2,6.758,310,2025-07-25
2025-07-30T14:06:41.644234,The Fantastic 4: First Steps,7.3,589,2025-07-23
2025-07-30T14:06:41.644234,The Naked Gun,8.4,5,2025-07-30
2025-07-30T14:06:41.644234,Weapons,0.0,0,2025-08-06
2025-07-30T14:06:41.644234,Freakier Friday,0.0,0,2025-08-06
2025-07-30T14:06:41.644234,Alien 2: On Earth,3.549,71,1980-04-11
2025-07-30T14:06:41.644234,Nobody 2,0.0,0,2025-08-13
2025-07-30T14:06:41.644234,Americana,0.0,0,2025-08-15
2025-07-30T15:05:25.041074,Happy Gilmore 2,6.758,310,2025-07-25
2025-07-30T15:05:25.041074,The Fantastic 4: First Steps,7.3,589,2025-07-23
2025-07-30T15:05:25.041074,The Naked Gun,8.4,5,2025-07-30
2025-07-30T15:05:25.041074,Weapons,0.0,0,2025-08-06
2025-07-30T15:05:25.041074,Freakier Friday,0.0,0,2025-08-06
2025-07-30T15:05:25.041074,Alien 2: On Earth,3.549,71,1980-04-11
2025-07-30T15:05:25.041074,Nobody 2,0.0,0,2025-08-13
2025-07-30T15:05:25.041074,Americana,0.0,0,2025-08-15
2025-07-30T16:05:58.859376,Happy Gilmore 2,6.758,310,2025-07-25
2025-07-30T16:05:58.859376,The Fantastic 4: First Steps,7.344,599,2025-07-23
2025-07-30T16:05:58.859376,The Naked Gun,8.4,5,2025-07-30
2025-07-30T16:05:58.859376,Weapons,0.0,0,2025-08-06
2025-07-30T16:05:58.859376,Freakier Friday,0.0,0,2025-08-06
2025-07-30T16:05:58.859376,Alien 2: On Earth,3.549,71,1980-04-11
2025-07-30T16:05:58.859376,Nobody 2,0.0,0,2025-08-13
2025-07-30T16:05:58.859376,Americana,0.0,0,2025-08-15
2025-07-30T17:06:21.495287,Happy Gilmore 2,6.758,310,2025-07-25
2025-07-30T17:06:21.495287,The Fantastic 4: First Steps,7.344,599,2025-07-23
2025-07-30T17:06:21.495287,The Naked Gun,8.4,5,2025-07-30
2025-07-30T17:06:21.495287,Weapons,0.0,0,2025-08-06
2025-07-30T17:06:21.495287,Freakier Friday,0.0,0,2025-08-06
2025-07-30T17:06:21.495287,Alien 2: On Earth,3.549,71,1980-04-11
2025-07-30T17:06:21.495287,Nobody 2,0.0,0,2025-08-13
2025-07-30T17:06:21.495287,Americana,0.0,0,2025-08-15
2025-07-30T18:06:45.409541,Happy Gilmore 2,6.758,310,2025-07-25
2025-07-30T18:06:45.409541,The Fantastic 4: First Steps,7.344,599,2025-07-23
2025-07-30T18:06:45.409541,The Naked Gun,8.4,5,2025-07-30
2025-07-30T18:06:45.409541,Weapons,0.0,0,2025-08-06
2025-07-30T18:06:45.409541,Freakier Friday,0.0,0,2025-08-06
2025-07-30T18:06:45.409541,Alien 2: On Earth,3.549,71,1980-04-11
2025-07-30T18:06:45.409541,Nobody 2,0.0,0,2025-08-13
2025-07-30T18:06:45.409541,Americana,0.0,0,2025-08-15
2025-07-30T19:05:55.515665,Happy Gilmore 2,6.758,310,2025-07-25
2025-07-30T19:05:55.515665,The Fantastic 4: First Steps,7.344,599,2025-07-23
2025-07-30T19:05:55.515665,The Naked Gun,8.4,5,2025-07-30
2025-07-30T19:05:55.515665,Weapons,0.0,0,2025-08-06
2025-07-30T19:05:55.515665,Freakier Friday,0.0,0,2025-08-06
2025-07-30T19:05:55.515665,Alien 2: On Earth,3.549,71,1980-04-11
2025-07-30T19:05:55.515665,Nobody 2,0.0,0,2025-08-13
2025-07-30T19:05:55.515665,Americana,0.0,0,2025-08-15
2025-07-30T20:04:56.356520,Happy Gilmore 2,6.758,310,2025-07-25
2025-07-30T20:04:56.356520,The Fantastic 4: First Steps,7.344,599,2025-07-23
2025-07-30T20:04:56.356520,The Naked Gun,8.4,5,2025-07-30
2025-07-30T20:04:56.356520,Weapons,0.0,0,2025-08-06
2025-07-30T20:04:56.356520,Freakier Friday,0.0,0,2025-08-06
2025-07-30T20:04:56.356520,Alien 2: On Earth,3.549,71,1980-04-11
2025-07-30T20:04:56.356520,Nobody 2,0.0,0,2025-08-13
2025-07-30T20:04:56.356520,Americana,0.0,0,2025-08-15
2025-07-30T21:05:06.463222,Happy Gilmore 2,6.8,320,2025-07-25
2025-07-30T21:05:06.463222,The Fantastic 4: First Steps,7.344,599,2025-07-23
2025-07-30T21:05:06.463222,The Naked Gun,8.4,5,2025-07-30
2025-07-30T21:05:06.463222,Weapons,0.0,0,2025-08-06
2025-07-30T21:05:06.463222,Freakier Friday,0.0,0,2025-08-06
2025-07-30T21:05:06.463222,Alien 2: On Earth,3.549,71,1980-04-11
2025-07-30T21:05:06.463222,Nobody 2,0.0,0,2025-08-13
2025-07-30T21:05:06.463222,Americana,0.0,0,2025-08-15
2025-07-30T22:05:08.890722,Happy Gilmore 2,6.8,320,2025-07-25
2025-07-30T22:05:08.890722,The Fantastic 4: First Steps,7.344,599,2025-07-23
2025-07-30T22:05:08.890722,The Naked Gun,8.4,5,2025-07-30
2025-07-30T22:05:08.890722,Weapons,0.0,0,2025-08-06
2025-07-30T22:05:08.890722,Freakier Friday,0.0,0,2025-08-06
2025-07-30T22:05:08.890722,Alien 2: On Earth,3.549,71,1980-04-11
2025-07-30T22:05:08.890722,Nobody 2,0.0,0,2025-08-13
2025-07-30T22:05:08.890722,Americana,0.0,0,2025-08-15
2025-07-30T23:05:03.049058,Happy Gilmore 2,6.8,320,2025-07-25
2025-07-30T23:05:03.049058,The Fantastic 4: First Steps,7.342,620,2025-07-23
2025-07-30T23:05:03.049058,The Naked Gun,8.4,5,2025-07-30
2025-07-30T23:05:03.049058,Weapons,0.0,0,2025-08-06
2025-07-30T23:05:03.049058,Freakier Friday,0.0,0,2025-08-06
2025-07-30T23:05:03.049058,Alien 2: On Earth,3.549,71,1980-04-11
2025-07-30T23:05:03.049058,Nobody 2,0.0,0,2025-08-13
2025-07-30T23:05:03.049058,Americana,0.0,0,2025-08-15
2025-07-31T00:21:51.465244,Happy Gilmore 2,6.8,320,2025-07-25
2025-07-31T00:21:51.465244,The Fantastic 4: First Steps,7.342,620,2025-07-23
2025-07-31T00:21:51.465244,The Naked Gun,8.2,6,2025-07-30
2025-07-31T00:21:51.465244,Weapons,0.0,0,2025-08-06
2025-07-31T00:21:51.465244,Freakier Friday,0.0,0,2025-08-06
2025-07-31T00:21:51.465244,Alien 2: On Earth,3.549,71,1980-04-11
2025-07-31T00:21:51.465244,Nobody 2,0.0,0,2025-08-13
2025-07-31T00:21:51.465244,Americana,0.0,0,2025-08-15
2025-07-31T01:33:43.301095,Happy Gilmore 2,6.8,320,2025-07-25
2025-07-31T01:33:43.301095,The Fantastic 4: First Steps,7.342,620,2025-07-23
2025-07-31T01:33:43.301095,The Naked Gun,8.2,6,2025-07-30
2025-07-31T01:33:43.301095,Weapons,0.0,0,2025-08-06
2025-07-31T01:33:43.301095,Freakier Friday,0.0,0,2025-08-06
2025-07-31T01:33:43.301095,Alien 2: On Earth,3.549,71,1980-04-11
2025-07-31T01:33:43.301095,Nobody 2,0.0,0,2025-08-13
2025-07-31T01:33:43.301095,Americana,0.0,0,2025-08-15
2025-07-31T02:44:27.905582,Happy Gilmore 2,6.8,320,2025-07-25
2025-07-31T02:44:27.905582,The Fantastic 4: First Steps,7.342,620,2025-07-23
2025-07-31T02:44:27.905582,The Naked Gun,8.2,6,2025-07-30
2025-07-31T02:44:27.905582,Weapons,0.0,0,2025-08-06
2025-07-31T02:44:27.905582,Freakier Friday,0.0,0,2025-08-06
2025-07-31T02:44:27.905582,Alien 2: On Earth,3.549,71,1980-04-11
2025-07-31T02:44:27.905582,Nobody 2,0.0,0,2025-08-13
2025-07-31T02:44:27.905582,Americana,0.0,0,2025-08-15
2025-07-31T03:33:57.470136,Happy Gilmore 2,6.8,320,2025-07-25
2025-07-31T03:33:57.470136,The Fantastic 4: First Steps,7.342,620,2025-07-23
2025-07-31T03:33:57.470136,The Naked Gun,8.2,6,2025-07-30
2025-07-31T03:33:57.470136,Weapons,0.0,0,2025-08-06
2025-07-31T03:33:57.470136,Freakier Friday,0.0,0,2025-08-06
2025-07-31T03:33:57.470136,Alien 2: On Earth,3.549,71,1980-04-11
2025-07-31T03:33:57.470136,Nobody 2,0.0,0,2025-08-13
2025-07-31T03:33:57.470136,Americana,0.0,0,2025-08-15
2025-07-31T04:20:03.371802,Happy Gilmore 2,6.768,332,2025-07-25
2025-07-31T04:20:03.371802,The Fantastic 4: First Steps,7.342,620,2025-07-23
2025-07-31T04:20:03.371802,The Naked Gun,8.2,6,2025-07-30
2025-07-31T04:20:03.371802,Weapons,0.0,0,2025-08-06
2025-07-31T04:20:03.371802,Freakier Friday,0.0,0,2025-08-06
2025-07-31T04:20:03.371802,Alien 2: On Earth,3.549,71,1980-04-11
2025-07-31T04:20:03.371802,Nobody 2,0.0,0,2025-08-13
2025-07-31T04:20:03.371802,Americana,0.0,0,2025-08-15
2025-07-31T05:10:11.675166,Happy Gilmore 2,6.768,332,2025-07-25
2025-07-31T05:10:11.675166,The Fantastic 4: First Steps,7.342,620,2025-07-23
2025-07-31T05:10:11.675166,The Naked Gun,8.2,6,2025-07-30
2025-07-31T05:10:11.675166,Weapons,0.0,0,2025-08-06
2025-07-31T05:10:11.675166,Freakier Friday,0.0,0,2025-08-06
2025-07-31T05:10:11.675166,Alien 2: On Earth,3.549,71,1980-04-11
2025-07-31T05:10:11.675166,Nobody 2,0.0,0,2025-08-13
2025-07-31T05:10:11.675166,Americana,0.0,0,2025-08-15
2025-07-31T06:07:25.593220,Happy Gilmore 2,6.768,332,2025-07-25
2025-07-31T06:07:25.593220,The Fantastic 4: First Steps,7.342,620,2025-07-23
2025-07-31T06:07:25.593220,The Naked Gun,8.1,8,2025-07-30
2025-07-31T06:07:25.593220,Weapons,0.0,0,2025-08-06
2025-07-31T06:07:25.593220,Freakier Friday,0.0,0,2025-08-06
2025-07-31T06:07:25.593220,Alien 2: On Earth,3.549,71,1980-04-11
2025-07-31T06:07:25.593220,Nobody 2,0.0,0,2025-08-13
2025-07-31T06:07:25.593220,Americana,0.0,0,2025-08-15
2025-07-31T07:07:38.838843,Happy Gilmore 2,6.768,332,2025-07-25
2025-07-31T07:07:38.838843,The Fantastic 4: First Steps,7.351,639,2025-07-23
2025-07-31T07:07:38.838843,The Naked Gun,8.1,8,2025-07-30
2025-07-31T07:07:38.838843,Weapons,0.0,0,2025-08-06
2025-07-31T07:07:38.838843,Freakier Friday,0.0,0,2025-08-06
2025-07-31T07:07:38.838843,Alien 2: On Earth,3.549,71,1980-04-11
2025-07-31T07:07:38.838843,Nobody 2,0.0,0,2025-08-13
2025-07-31T07:07:38.838843,Americana,0.0,0,2025-08-15
2025-07-31T08:07:19.889076,Happy Gilmore 2,6.768,332,2025-07-25
2025-07-31T08:07:19.889076,The Fantastic 4: First Steps,7.351,639,2025-07-23
2025-07-31T08:07:19.889076,The Naked Gun,8.1,8,2025-07-30
2025-07-31T08:07:19.889076,Weapons,0.0,0,2025-08-06
2025-07-31T08:07:19.889076,Freakier Friday,0.0,0,2025-08-06
2025-07-31T08:07:19.889076,Alien 2: On Earth,3.549,71,1980-04-11
2025-07-31T08:07:19.889076,Nobody 2,0.0,0,2025-08-13
2025-07-31T08:07:19.889076,Americana,0.0,0,2025-08-15
2025-07-31T09:08:17.390854,Happy Gilmore 2,6.768,332,2025-07-25
2025-07-31T09:08:17.390854,The Fantastic 4: First Steps,7.351,639,2025-07-23
2025-07-31T09:08:17.390854,The Naked Gun,8.1,8,2025-07-30
2025-07-31T09:08:17.390854,Weapons,0.0,0,2025-08-06
2025-07-31T09:08:17.390854,Freakier Friday,0.0,0,2025-08-06
2025-07-31T09:08:17.390854,Alien 2: On Earth,3.549,71,1980-04-11
2025-07-31T09:08:17.390854,Nobody 2,0.0,0,2025-08-13
2025-07-31T09:08:17.390854,Americana,0.0,0,2025-08-15
2025-07-31T10:05:45.465487,Happy Gilmore 2,6.768,339,2025-07-25
2025-07-31T10:05:45.465487,The Fantastic 4: First Steps,7.351,639,2025-07-23
2025-07-31T10:05:45.465487,The Naked Gun,8.1,8,2025-07-30
2025-07-31T10:05:45.465487,Weapons,0.0,0,2025-08-06
2025-07-31T10:05:45.465487,Freakier Friday,0.0,0,2025-08-06
2025-07-31T10:05:45.465487,Alien 2: On Earth,3.549,71,1980-04-11
2025-07-31T10:05:45.465487,Nobody 2,0.0,0,2025-08-13
2025-07-31T10:05:45.465487,Americana,0.0,0,2025-08-15
2025-07-31T11:04:53.789854,Happy Gilmore 2,6.768,339,2025-07-25
2025-07-31T11:04:53.789854,The Fantastic 4: First Steps,7.351,639,2025-07-23
2025-07-31T11:04:53.789854,The Naked Gun,8.1,8,2025-07-30
2025-07-31T11:04:53.789854,Weapons,0.0,0,2025-08-06
2025-07-31T11:04:53.789854,Freakier Friday,0.0,0,2025-08-06
2025-07-31T11:04:53.789854,Alien 2: On Earth,3.549,71,1980-04-11
2025-07-31T11:04:53.789854,Nobody 2,0.0,0,2025-08-13
2025-07-31T11:04:53.789854,Americana,0.0,0,2025-08-15
2025-07-31T12:07:52.516982,Happy Gilmore 2,6.768,339,2025-07-25
2025-07-31T12:07:52.516982,The Fantastic 4: First Steps,7.351,639,2025-07-23
2025-07-31T12:07:52.516982,The Naked Gun,8.1,8,2025-07-30
2025-07-31T12:07:52.516982,Weapons,0.0,0,2025-08-06
2025-07-31T12:07:52.516982,Freakier Friday,0.0,0,2025-08-06
2025-07-31T12:07:52.516982,Alien 2: On Earth,3.549,71,1980-04-11
2025-07-31T12:07:52.516982,Nobody 2,0.0,0,2025-08-13
2025-07-31T12:07:52.516982,Americana,0.0,0,2025-08-15
2025-07-31T13:16:49.847790,Happy Gilmore 2,6.768,339,2025-07-25
2025-07-31T13:16:49.847790,The Fantastic 4: First Steps,7.348,651,2025-07-23
2025-07-31T13:16:49.847790,The Naked Gun,8.0,9,2025-07-30
2025-07-31T13:16:49.847790,Weapons,0.0,0,2025-08-06
2025-07-31T13:16:49.847790,Freakier Friday,0.0,0,2025-08-06
2025-07-31T13:16:49.847790,Alien 2: On Earth,3.549,71,1980-04-11
2025-07-31T13:16:49.847790,Nobody 2,0.0,0,2025-08-13
2025-07-31T13:16:49.847790,Americana,0.0,0,2025-08-15
2025-07-31T14:06:36.721203,Happy Gilmore 2,6.768,339,2025-07-25
2025-07-31T14:06:36.721203,The Fantastic 4: First Steps,7.348,651,2025-07-23
2025-07-31T14:06:36.721203,The Naked Gun,8.0,9,2025-07-30
2025-07-31T14:06:36.721203,Weapons,0.0,0,2025-08-06
2025-07-31T14:06:36.721203,Freakier Friday,0.0,0,2025-08-06
2025-07-31T14:06:36.721203,Alien 2: On Earth,3.549,71,1980-04-11
2025-07-31T14:06:36.721203,Nobody 2,0.0,0,2025-08-13
2025-07-31T14:06:36.721203,Americana,0.0,0,2025-08-15
2025-07-31T15:05:42.713485,Happy Gilmore 2,6.768,339,2025-07-25
2025-07-31T15:05:42.713485,The Fantastic 4: First Steps,7.348,651,2025-07-23
2025-07-31T15:05:42.713485,The Naked Gun,8.0,9,2025-07-30
2025-07-31T15:05:42.713485,Weapons,0.0,0,2025-08-06
2025-07-31T15:05:42.713485,Freakier Friday,0.0,0,2025-08-06
2025-07-31T15:05:42.713485,Alien 2: On Earth,3.549,71,1980-04-11
2025-07-31T15:05:42.713485,Nobody 2,0.0,0,2025-08-13
2025-07-31T15:05:42.713485,Americana,0.0,0,2025-08-15
2025-07-31T16:06:17.943957,Happy Gilmore 2,6.768,339,2025-07-25
2025-07-31T16:06:17.943957,The Fantastic 4: First Steps,7.348,651,2025-07-23
2025-07-31T16:06:17.943957,The Naked Gun,8.0,9,2025-07-30
2025-07-31T16:06:17.943957,Weapons,0.0,0,2025-08-06
2025-07-31T16:06:17.943957,Freakier Friday,0.0,0,2025-08-06
2025-07-31T16:06:17.943957,Alien 2: On Earth,3.549,71,1980-04-11
2025-07-31T16:06:17.943957,Nobody 2,0.0,0,2025-08-13
2025-07-31T16:06:17.943957,Americana,0.0,0,2025-08-15
2025-07-31T17:06:57.831301,Happy Gilmore 2,6.762,349,2025-07-25
2025-07-31T17:06:57.831301,The Fantastic 4: First Steps,7.348,651,2025-07-23
2025-07-31T17:06:57.831301,The Naked Gun,8.0,9,2025-07-30
2025-07-31T17:06:57.831301,Weapons,0.0,0,2025-08-06
2025-07-31T17:06:57.831301,Freakier Friday,0.0,0,2025-08-06
2025-07-31T17:06:57.831301,Alien 2: On Earth,3.549,71,1980-04-11
2025-07-31T17:06:57.831301,Nobody 2,0.0,0,2025-08-13
2025-07-31T17:06:57.831301,Americana,0.0,0,2025-08-15
2025-07-31T18:06:51.177963,Happy Gilmore 2,6.762,349,2025-07-25
2025-07-31T18:06:51.177963,The Fantastic 4: First Steps,7.348,651,2025-07-23
2025-07-31T18:06:51.177963,The Naked Gun,8.0,9,2025-07-30
2025-07-31T18:06:51.177963,Weapons,0.0,0,2025-08-06
2025-07-31T18:06:51.177963,Freakier Friday,0.0,0,2025-08-06
2025-07-31T18:06:51.177963,Alien 2: On Earth,3.549,71,1980-04-11
2025-07-31T18:06:51.177963,Nobody 2,0.0,0,2025-08-13
2025-07-31T18:06:51.177963,Americana,0.0,0,2025-08-15
2025-07-31T19:06:24.688495,Happy Gilmore 2,6.762,349,2025-07-25
2025-07-31T19:06:24.688495,The Fantastic 4: First Steps,7.348,651,2025-07-23
2025-07-31T19:06:24.688495,The Naked Gun,8.0,9,2025-07-30
2025-07-31T19:06:24.688495,Weapons,0.0,0,2025-08-06
2025-07-31T19:06:24.688495,Freakier Friday,0.0,0,2025-08-06
2025-07-31T19:06:24.688495,Alien 2: On Earth,3.549,71,1980-04-11
2025-07-31T19:06:24.688495,Nobody 2,0.0,0,2025-08-13
2025-07-31T19:06:24.688495,Americana,0.0,0,2025-08-15
2025-07-31T20:05:40.030866,Happy Gilmore 2,6.762,349,2025-07-25
2025-07-31T20:05:40.030866,The Fantastic 4: First Steps,7.35,662,2025-07-23
2025-07-31T20:05:40.030866,The Naked Gun,7.2,11,2025-07-30
2025-07-31T20:05:40.030866,Weapons,0.0,0,2025-08-06
2025-07-31T20:05:40.030866,Freakier Friday,0.0,0,2025-08-06
2025-07-31T20:05:40.030866,Alien 2: On Earth,3.549,71,1980-04-11
2025-07-31T20:05:40.030866,Nobody 2,0.0,0,2025-08-13
2025-07-31T20:05:40.030866,Americana,0.0,0,2025-08-15
2025-07-31T21:05:06.249357,Happy Gilmore 2,6.762,349,2025-07-25
2025-07-31T21:05:06.249357,The Fantastic 4: First Steps,7.35,662,2025-07-23
2025-07-31T21:05:06.249357,The Naked Gun,7.2,11,2025-07-30
2025-07-31T21:05:06.249357,Weapons,0.0,0,2025-08-06
2025-07-31T21:05:06.249357,Freakier Friday,0.0,0,2025-08-06
2025-07-31T21:05:06.249357,Alien 2: On Earth,3.549,71,1980-04-11
2025-07-31T21:05:06.249357,Nobody 2,0.0,0,2025-08-13
2025-07-31T21:05:06.249357,Americana,0.0,0,2025-08-15
2025-07-31T22:04:49.710123,Happy Gilmore 2,6.762,349,2025-07-25
2025-07-31T22:04:49.710123,The Fantastic 4: First Steps,7.35,662,2025-07-23
2025-07-31T22:04:49.710123,The Naked Gun,7.2,11,2025-07-30
2025-07-31T22:04:49.710123,Weapons,0.0,0,2025-07-31
2025-07-31T22:04:49.710123,Freakier Friday,0.0,0,2025-08-06
2025-07-31T22:04:49.710123,Alien 2: On Earth,3.549,71,1980-04-11
2025-07-31T22:04:49.710123,Nobody 2,0.0,0,2025-08-13
2025-07-31T22:04:49.710123,Americana,0.0,0,2025-08-15
2025-07-31T23:05:23.928990,Happy Gilmore 2,6.762,349,2025-07-25
2025-07-31T23:05:23.928990,The Fantastic 4: First Steps,7.35,662,2025-07-23
2025-07-31T23:05:23.928990,The Naked Gun,7.2,11,2025-07-30
2025-07-31T23:05:23.928990,Weapons,0.0,0,2025-07-31
2025-07-31T23:05:23.928990,Freakier Friday,0.0,0,2025-08-06
2025-07-31T23:05:23.928990,Alien 2: On Earth,3.549,71,1980-04-11
2025-07-31T23:05:23.928990,Nobody 2,0.0,0,2025-08-13
2025-07-31T23:05:23.928990,Americana,0.0,0,2025-08-15
2025-08-01T00:25:23.505129,Happy Gilmore 2,6.782,360,2025-07-25
2025-08-01T00:25:23.505129,The Fantastic 4: First Steps,7.35,662,2025-07-23
2025-08-01T00:25:23.505129,The Naked Gun,7.2,11,2025-07-30
2025-08-01T00:25:23.505129,Weapons,0.0,0,2025-07-31
2025-08-01T00:25:23.505129,Freakier Friday,0.0,0,2025-08-06
2025-08-01T00:25:23.505129,Alien 2: On Earth,3.549,71,1980-04-11
2025-08-01T00:25:23.505129,Nobody 2,0.0,0,2025-08-13
2025-08-01T00:25:23.505129,Americana,0.0,0,2025-08-15
2025-08-01T01:34:43.736853,Happy Gilmore 2,6.782,360,2025-07-25
2025-08-01T01:34:43.736853,The Fantastic 4: First Steps,7.35,662,2025-07-23
2025-08-01T01:34:43.736853,The Naked Gun,7.2,11,2025-07-30
2025-08-01T01:34:43.736853,Weapons,0.0,0,2025-07-31
2025-08-01T01:34:43.736853,Freakier Friday,0.0,0,2025-08-06
2025-08-01T01:34:43.736853,Alien 2: On Earth,3.549,71,1980-04-11
2025-08-01T01:34:43.736853,Nobody 2,0.0,0,2025-08-13
2025-08-01T01:34:43.736853,Americana,0.0,0,2025-08-15
2025-08-01T02:51:42.348834,Happy Gilmore 2,6.782,360,2025-07-25
2025-08-01T02:51:42.348834,The Fantastic 4: First Steps,7.35,662,2025-07-23
2025-08-01T02:51:42.348834,The Naked Gun,7.2,11,2025-07-30
2025-08-01T02:51:42.348834,Weapons,0.0,0,2025-07-31
2025-08-01T02:51:42.348834,Freakier Friday,0.0,0,2025-08-06
2025-08-01T02:51:42.348834,Alien 2: On Earth,3.549,71,1980-04-11
2025-08-01T02:51:42.348834,Nobody 2,0.0,0,2025-08-13
2025-08-01T02:51:42.348834,Americana,0.0,0,2025-08-15
2025-08-01T03:40:25.920361,Happy Gilmore 2,6.782,360,2025-07-25
2025-08-01T03:40:25.920361,The Fantastic 4: First Steps,7.3,679,2025-07-23
2025-08-01T03:40:25.920361,The Naked Gun,6.9,17,2025-07-30
2025-08-01T03:40:25.920361,Weapons,0.0,0,2025-07-31
2025-08-01T03:40:25.920361,Freakier Friday,0.0,0,2025-08-06
2025-08-01T03:40:25.920361,Alien 2: On Earth,3.549,71,1980-04-11
2025-08-01T03:40:25.920361,Nobody 2,0.0,0,2025-08-13
2025-08-01T03:40:25.920361,Americana,0.0,0,2025-08-15
2025-08-01T04:26:44.884497,Happy Gilmore 2,6.782,360,2025-07-25
2025-08-01T04:26:44.884497,The Fantastic 4: First Steps,7.3,679,2025-07-23
2025-08-01T04:26:44.884497,The Naked Gun,6.9,17,2025-07-30
2025-08-01T04:26:44.884497,Weapons,0.0,0,2025-07-31
2025-08-01T04:26:44.884497,Freakier Friday,0.0,0,2025-08-06
2025-08-01T04:26:44.884497,Alien 2: On Earth,3.549,71,1980-04-11
2025-08-01T04:26:44.884497,Nobody 2,0.0,0,2025-08-13
2025-08-01T04:26:44.884497,Americana,0.0,0,2025-08-15
2025-08-01T05:13:25.327850,Happy Gilmore 2,6.782,360,2025-07-25
2025-08-01T05:13:25.327850,The Fantastic 4: First Steps,7.3,679,2025-07-23
2025-08-01T05:13:25.327850,The Naked Gun,6.9,17,2025-07-30
2025-08-01T05:13:25.327850,Weapons,0.0,0,2025-07-31
2025-08-01T05:13:25.327850,Freakier Friday,0.0,0,2025-08-06
2025-08-01T05:13:25.327850,Alien 2: On Earth,3.549,71,1980-04-11
2025-08-01T05:13:25.327850,Nobody 2,0.0,0,2025-08-13
2025-08-01T05:13:25.327850,Americana,0.0,0,2025-08-15
2025-08-01T06:08:28.909248,Happy Gilmore 2,6.782,360,2025-07-25
2025-08-01T06:08:28.909248,The Fantastic 4: First Steps,7.3,679,2025-07-23
2025-08-01T06:08:28.909248,The Naked Gun,6.9,17,2025-07-30
2025-08-01T06:08:28.909248,Weapons,0.0,0,2025-07-31
2025-08-01T06:08:28.909248,Freakier Friday,0.0,0,2025-08-06
2025-08-01T06:08:28.909248,Alien 2: On Earth,3.549,71,1980-04-11
2025-08-01T06:08:28.909248,Nobody 2,0.0,0,2025-08-13
2025-08-01T06:08:28.909248,Americana,0.0,0,2025-08-15
2025-08-01T07:08:54.795692,Happy Gilmore 2,6.787,363,2025-07-25
2025-08-01T07:08:54.795692,The Fantastic 4: First Steps,7.3,679,2025-07-23
2025-08-01T07:08:54.795692,The Naked Gun,6.9,17,2025-07-30
2025-08-01T07:08:54.795692,Weapons,0.0,0,2025-07-31
2025-08-01T07:08:54.795692,Freakier Friday,0.0,0,2025-08-06
2025-08-01T07:08:54.795692,Alien 2: On Earth,3.549,71,1980-04-11
2025-08-01T07:08:54.795692,Nobody 2,0.0,0,2025-08-13
2025-08-01T07:08:54.795692,Americana,0.0,0,2025-08-15
2025-08-01T08:06:52.476919,Happy Gilmore 2,6.787,363,2025-07-25
2025-08-01T08:06:52.476919,The Fantastic 4: First Steps,7.3,679,2025-07-23
2025-08-01T08:06:52.476919,The Naked Gun,6.9,17,2025-07-30
2025-08-01T08:06:52.476919,Weapons,0.0,0,2025-07-31
2025-08-01T08:06:52.476919,Freakier Friday,0.0,0,2025-08-06
2025-08-01T08:06:52.476919,Alien 2: On Earth,3.549,71,1980-04-11
2025-08-01T08:06:52.476919,Nobody 2,0.0,0,2025-08-13
2025-08-01T08:06:52.476919,Americana,0.0,0,2025-08-15
2025-08-01T09:08:09.513088,Happy Gilmore 2,6.787,363,2025-07-25
2025-08-01T09:08:09.513088,The Fantastic 4: First Steps,7.3,679,2025-07-23
2025-08-01T09:08:09.513088,The Naked Gun,6.9,17,2025-07-30
2025-08-01T09:08:09.513088,Weapons,0.0,0,2025-07-31
2025-08-01T09:08:09.513088,Freakier Friday,0.0,0,2025-08-06
2025-08-01T09:08:09.513088,Alien 2: On Earth,3.549,71,1980-04-11
2025-08-01T09:08:09.513088,Nobody 2,0.0,0,2025-08-13
2025-08-01T09:08:09.513088,Americana,0.0,0,2025-08-15
2025-08-01T10:05:47.596239,Happy Gilmore 2,6.787,363,2025-07-25
2025-08-01T10:05:47.596239,The Fantastic 4: First Steps,7.3,679,2025-07-23
2025-08-01T10:05:47.596239,The Naked Gun,6.9,17,2025-07-30
2025-08-01T10:05:47.596239,Weapons,0.0,0,2025-07-31
2025-08-01T10:05:47.596239,Freakier Friday,0.0,0,2025-08-06
2025-08-01T10:05:47.596239,Alien 2: On Earth,3.549,71,1980-04-11
2025-08-01T10:05:47.596239,Nobody 2,0.0,0,2025-08-13
2025-08-01T10:05:47.596239,Americana,0.0,0,2025-08-15
2025-08-01T11:05:06.426122,Happy Gilmore 2,6.787,363,2025-07-25
2025-08-01T11:05:06.426122,The Fantastic 4: First Steps,7.3,686,2025-07-23
2025-08-01T11:05:06.426122,The Naked Gun,7.0,20,2025-07-30
2025-08-01T11:05:06.426122,Weapons,0.0,0,2025-07-31
2025-08-01T11:05:06.426122,Freakier Friday,0.0,0,2025-08-06
2025-08-01T11:05:06.426122,Alien 2: On Earth,3.549,71,1980-04-11
2025-08-01T11:05:06.426122,Nobody 2,0.0,0,2025-08-13
2025-08-01T11:05:06.426122,Americana,0.0,0,2025-08-15
2025-08-01T12:08:45.745632,Happy Gilmore 2,6.787,363,2025-07-25
2025-08-01T12:08:45.745632,The Fantastic 4: First Steps,7.3,686,2025-07-23
2025-08-01T12:08:45.745632,The Naked Gun,7.0,20,2025-07-30
2025-08-01T12:08:45.745632,Weapons,0.0,0,2025-08-06
2025-08-01T12:08:45.745632,Freakier Friday,0.0,0,2025-08-06
2025-08-01T12:08:45.745632,Alien 2: On Earth,3.549,71,1980-04-11
2025-08-01T12:08:45.745632,Nobody 2,0.0,0,2025-08-13
2025-08-01T12:08:45.745632,Americana,0.0,0,2025-08-15
2025-08-01T13:16:27.116090,Happy Gilmore 2,6.787,363,2025-07-25
2025-08-01T13:16:27.116090,The Fantastic 4: First Steps,7.3,686,2025-07-23
2025-08-01T13:16:27.116090,The Naked Gun,7.0,20,2025-07-30
2025-08-01T13:16:27.116090,Weapons,0.0,0,2025-08-06
2025-08-01T13:16:27.116090,Freakier Friday,0.0,0,2025-08-06
2025-08-01T13:16:27.116090,Alien 2: On Earth,3.549,71,1980-04-11
2025-08-01T13:16:27.116090,Nobody 2,0.0,0,2025-08-13
2025-08-01T13:16:27.116090,Americana,0.0,0,2025-08-15
2025-08-01T14:06:13.207598,Happy Gilmore 2,6.787,363,2025-07-25
2025-08-01T14:06:13.207598,The Fantastic 4: First Steps,7.3,686,2025-07-23
2025-08-01T14:06:13.207598,The Naked Gun,7.0,20,2025-07-30
2025-08-01T14:06:13.207598,Weapons,0.0,0,2025-08-06
2025-08-01T14:06:13.207598,Freakier Friday,0.0,0,2025-08-06
2025-08-01T14:06:13.207598,Alien 2: On Earth,3.549,71,1980-04-11
2025-08-01T14:06:13.207598,Nobody 2,0.0,0,2025-08-13
2025-08-01T14:06:13.207598,Americana,0.0,0,2025-08-15
2025-08-01T15:05:24.211943,Happy Gilmore 2,6.782,369,2025-07-25
2025-08-01T15:05:24.211943,The Fantastic 4: First Steps,7.3,686,2025-07-23
2025-08-01T15:05:24.211943,The Naked Gun,7.0,20,2025-07-30
2025-08-01T15:05:24.211943,Weapons,0.0,0,2025-08-06
2025-08-01T15:05:24.211943,Freakier Friday,0.0,0,2025-08-06
2025-08-01T15:05:24.211943,Alien 2: On Earth,3.549,71,1980-04-11
2025-08-01T15:05:24.211943,Nobody 2,0.0,0,2025-08-13
2025-08-01T15:05:24.211943,Americana,0.0,0,2025-08-15
2025-08-01T16:06:14.753817,Happy Gilmore 2,6.782,369,2025-07-25
2025-08-01T16:06:14.753817,The Fantastic 4: First Steps,7.3,686,2025-07-23
2025-08-01T16:06:14.753817,The Naked Gun,7.0,20,2025-07-30
2025-08-01T16:06:14.753817,Weapons,0.0,0,2025-08-06
2025-08-01T16:06:14.753817,Freakier Friday,0.0,0,2025-08-06
2025-08-01T16:06:14.753817,Alien 2: On Earth,3.549,71,1980-04-11
2025-08-01T16:06:14.753817,Nobody 2,0.0,0,2025-08-13
2025-08-01T16:06:14.753817,Americana,0.0,0,2025-08-15
2025-08-01T17:07:10.574259,Happy Gilmore 2,6.782,369,2025-07-25
2025-08-01T17:07:10.574259,The Fantastic 4: First Steps,7.3,686,2025-07-23
2025-08-01T17:07:10.574259,The Naked Gun,7.0,20,2025-07-30
2025-08-01T17:07:10.574259,Weapons,0.0,0,2025-08-06
2025-08-01T17:07:10.574259,Freakier Friday,0.0,0,2025-08-06
2025-08-01T17:07:10.574259,Alien 2: On Earth,3.549,71,1980-04-11
2025-08-01T17:07:10.574259,Nobody 2,0.0,0,2025-08-13
2025-08-01T17:07:10.574259,Americana,0.0,0,2025-08-15
2025-08-01T18:06:48.008034,Happy Gilmore 2,6.782,369,2025-07-25
2025-08-01T18:06:48.008034,The Fantastic 4: First Steps,7.3,686,2025-07-23
2025-08-01T18:06:48.008034,The Naked Gun,6.9,23,2025-07-30
2025-08-01T18:06:48.008034,Weapons,0.0,0,2025-08-06
2025-08-01T18:06:48.008034,Freakier Friday,0.0,0,2025-08-06
2025-08-01T18:06:48.008034,Alien 2: On Earth,3.549,71,1980-04-11
2025-08-01T18:06:48.008034,Nobody 2,0.0,0,2025-08-13
2025-08-01T18:06:48.008034,Americana,0.0,0,2025-08-15
2025-08-01T19:05:45.384167,Happy Gilmore 2,6.782,369,2025-07-25
2025-08-01T19:05:45.384167,The Fantastic 4: First Steps,7.4,697,2025-07-23
2025-08-01T19:05:45.384167,The Naked Gun,6.9,23,2025-07-30
2025-08-01T19:05:45.384167,Weapons,0.0,0,2025-08-06
2025-08-01T19:05:45.384167,Freakier Friday,0.0,0,2025-08-06
2025-08-01T19:05:45.384167,Alien 2: On Earth,3.549,71,1980-04-11
2025-08-01T19:05:45.384167,Nobody 2,0.0,0,2025-08-13
2025-08-01T19:05:45.384167,Americana,0.0,0,2025-08-15
2025-08-01T20:05:30.520776,Happy Gilmore 2,6.782,369,2025-07-25
2025-08-01T20:05:30.520776,The Fantastic 4: First Steps,7.4,697,2025-07-23
2025-08-01T20:05:30.520776,The Naked Gun,6.9,23,2025-07-30
2025-08-01T20:05:30.520776,Weapons,0.0,0,2025-08-06
2025-08-01T20:05:30.520776,Freakier Friday,0.0,0,2025-08-06
2025-08-01T20:05:30.520776,Alien 2: On Earth,3.549,71,1980-04-11
2025-08-01T20:05:30.520776,Nobody 2,0.0,0,2025-08-13
2025-08-01T20:05:30.520776,Americana,0.0,0,2025-08-15
2025-08-01T21:04:54.163516,Happy Gilmore 2,6.744,379,2025-07-25
2025-08-01T21:04:54.163516,The Fantastic 4: First Steps,7.4,697,2025-07-23
2025-08-01T21:04:54.163516,The Naked Gun,6.9,23,2025-07-30
2025-08-01T21:04:54.163516,Weapons,0.0,0,2025-08-06
2025-08-01T21:04:54.163516,Freakier Friday,0.0,0,2025-08-06
2025-08-01T21:04:54.163516,Alien 2: On Earth,3.549,71,1980-04-11
2025-08-01T21:04:54.163516,Nobody 2,0.0,0,2025-08-13
2025-08-01T21:04:54.163516,Americana,0.0,0,2025-08-15
2025-08-01T22:04:53.754464,Happy Gilmore 2,6.744,379,2025-07-25
2025-08-01T22:04:53.754464,The Fantastic 4: First Steps,7.4,697,2025-07-23
2025-08-01T22:04:53.754464,The Naked Gun,6.9,23,2025-07-30
2025-08-01T22:04:53.754464,Weapons,0.0,0,2025-08-06
2025-08-01T22:04:53.754464,Freakier Friday,0.0,0,2025-08-06
2025-08-01T22:04:53.754464,Alien 2: On Earth,3.549,71,1980-04-11
2025-08-01T22:04:53.754464,Nobody 2,0.0,0,2025-08-13
2025-08-01T22:04:53.754464,Americana,0.0,0,2025-08-15
2025-08-01T23:05:13.198003,Happy Gilmore 2,6.744,379,2025-07-25
2025-08-01T23:05:13.198003,The Fantastic 4: First Steps,7.4,697,2025-07-23
2025-08-01T23:05:13.198003,The Naked Gun,6.9,23,2025-07-30
2025-08-01T23:05:13.198003,Weapons,0.0,0,2025-08-06
2025-08-01T23:05:13.198003,Freakier Friday,0.0,0,2025-08-06
2025-08-01T23:05:13.198003,Alien 2: On Earth,3.549,71,1980-04-11
2025-08-01T23:05:13.198003,Nobody 2,0.0,0,2025-08-13
2025-08-01T23:05:13.198003,Americana,0.0,0,2025-08-15
2025-08-02T00:21:21.589091,Happy Gilmore 2,6.744,379,2025-07-25
2025-08-02T00:21:21.589091,The Fantastic 4: First Steps,7.4,697,2025-07-23
2025-08-02T00:21:21.589091,The Naked Gun,6.8,38,2025-07-30
2025-08-02T00:21:21.589091,Weapons,0.0,0,2025-08-06
2025-08-02T00:21:21.589091,Freakier Friday,0.0,0,2025-08-06
2025-08-02T00:21:21.589091,Alien 2: On Earth,3.549,71,1980-04-11
2025-08-02T00:21:21.589091,Nobody 2,0.0,0,2025-08-13
2025-08-02T00:21:21.589091,Americana,0.0,0,2025-08-15
2025-08-02T01:33:13.357688,Happy Gilmore 2,6.744,379,2025-07-25
2025-08-02T01:33:13.357688,The Fantastic 4: First Steps,7.4,697,2025-07-23
2025-08-02T01:33:13.357688,The Naked Gun,6.8,38,2025-07-30
2025-08-02T01:33:13.357688,Weapons,10.0,1,2025-08-06
2025-08-02T01:33:13.357688,Freakier Friday,0.0,0,2025-08-06
2025-08-02T01:33:13.357688,Alien 2: On Earth,3.549,71,1980-04-11
2025-08-02T01:33:13.357688,Nobody 2,0.0,0,2025-08-13
2025-08-02T01:33:13.357688,Americana,0.0,0,2025-08-15
2025-08-02T02:39:45.789345,Happy Gilmore 2,6.744,379,2025-07-25
2025-08-02T02:39:45.789345,The Fantastic 4: First Steps,7.358,712,2025-07-23
2025-08-02T02:39:45.789345,The Naked Gun,6.8,38,2025-07-30
2025-08-02T02:39:45.789345,Weapons,10.0,1,2025-08-06
2025-08-02T02:39:45.789345,Freakier Friday,0.0,0,2025-08-06
2025-08-02T02:39:45.789345,Alien 2: On Earth,3.549,71,1980-04-11
2025-08-02T02:39:45.789345,Nobody 2,0.0,0,2025-08-13
2025-08-02T02:39:45.789345,Americana,0.0,0,2025-08-15
2025-08-02T03:31:49.512971,Happy Gilmore 2,6.749,384,2025-07-25
2025-08-02T03:31:49.512971,The Fantastic 4: First Steps,7.358,712,2025-07-23
2025-08-02T03:31:49.512971,The Naked Gun,6.8,38,2025-07-30
2025-08-02T03:31:49.512971,Weapons,10.0,1,2025-08-06
2025-08-02T03:31:49.512971,Freakier Friday,0.0,0,2025-08-06
2025-08-02T03:31:49.512971,Alien 2: On Earth,3.549,71,1980-04-11
2025-08-02T03:31:49.512971,Nobody 2,0.0,0,2025-08-13
2025-08-02T03:31:49.512971,Americana,0.0,0,2025-08-15
2025-08-02T04:15:19.941871,Happy Gilmore 2,6.749,384,2025-07-25
2025-08-02T04:15:19.941871,The Fantastic 4: First Steps,7.358,712,2025-07-23
2025-08-02T04:15:19.941871,The Naked Gun,6.8,38,2025-07-30
2025-08-02T04:15:19.941871,Weapons,10.0,1,2025-08-06
2025-08-02T04:15:19.941871,Freakier Friday,0.0,0,2025-08-06
2025-08-02T04:15:19.941871,Alien 2: On Earth,3.549,71,1980-04-11
2025-08-02T04:15:19.941871,Nobody 2,0.0,0,2025-08-13
2025-08-02T04:15:19.941871,Americana,0.0,0,2025-08-15
2025-08-02T05:07:41.057864,Happy Gilmore 2,6.749,384,2025-07-25
2025-08-02T05:07:41.057864,The Fantastic 4: First Steps,7.358,712,2025-07-23
2025-08-02T05:07:41.057864,The Naked Gun,6.8,38,2025-07-30
2025-08-02T05:07:41.057864,Weapons,10.0,1,2025-08-06
2025-08-02T05:07:41.057864,Freakier Friday,0.0,0,2025-08-06
2025-08-02T05:07:41.057864,Alien 2: On Earth,3.549,71,1980-04-11
2025-08-02T05:07:41.057864,Nobody 2,0.0,0,2025-08-13
2025-08-02T05:07:41.057864,Americana,0.0,0,2025-08-15
2025-08-02T06:06:22.467512,Happy Gilmore 2,6.749,384,2025-07-25
2025-08-02T06:06:22.467512,The Fantastic 4: First Steps,7.358,712,2025-07-23
2025-08-02T06:06:22.467512,The Naked Gun,6.8,38,2025-07-30
2025-08-02T06:06:22.467512,Weapons,10.0,1,2025-08-06
2025-08-02T06:06:22.467512,Freakier Friday,0.0,0,2025-08-06
2025-08-02T06:06:22.467512,Alien 2: On Earth,3.549,71,1980-04-11
2025-08-02T06:06:22.467512,Nobody 2,0.0,0,2025-08-13
2025-08-02T06:06:22.467512,Americana,0.0,0,2025-08-15
2025-08-02T07:05:20.802037,Happy Gilmore 2,6.749,384,2025-07-25
2025-08-02T07:05:20.802037,The Fantastic 4: First Steps,7.358,712,2025-07-23
2025-08-02T07:05:20.802037,The Naked Gun,6.8,38,2025-07-30
2025-08-02T07:05:20.802037,Weapons,10.0,1,2025-08-06
2025-08-02T07:05:20.802037,Freakier Friday,0.0,0,2025-08-06
2025-08-02T07:05:20.802037,Alien 2: On Earth,3.549,71,1980-04-11
2025-08-02T07:05:20.802037,Nobody 2,0.0,0,2025-08-13
2025-08-02T07:05:20.802037,Americana,0.0,0,2025-08-15
2025-08-02T08:06:02.060432,Happy Gilmore 2,6.749,384,2025-07-25
2025-08-02T08:06:02.060432,The Fantastic 4: First Steps,7.358,712,2025-07-23
2025-08-02T08:06:02.060432,The Naked Gun,6.8,40,2025-07-30
2025-08-02T08:06:02.060432,Weapons,10.0,1,2025-08-06
2025-08-02T08:06:02.060432,Freakier Friday,0.0,0,2025-08-06
2025-08-02T08:06:02.060432,Alien 2: On Earth,3.549,71,1980-04-11
2025-08-02T08:06:02.060432,Nobody 2,0.0,0,2025-08-13
2025-08-02T08:06:02.060432,Americana,0.0,0,2025-08-15
2025-08-02T09:05:46.449171,Happy Gilmore 2,6.749,384,2025-07-25
2025-08-02T09:05:46.449171,The Fantastic 4: First Steps,7.358,712,2025-07-23
2025-08-02T09:05:46.449171,The Naked Gun,6.8,40,2025-07-30
2025-08-02T09:05:46.449171,Weapons,10.0,1,2025-08-06
2025-08-02T09:05:46.449171,Freakier Friday,0.0,0,2025-08-06
2025-08-02T09:05:46.449171,Alien 2: On Earth,3.549,71,1980-04-11
2025-08-02T09:05:46.449171,Nobody 2,0.0,0,2025-08-13
2025-08-02T09:05:46.449171,Americana,0.0,0,2025-08-15
2025-08-02T10:04:57.017067,Happy Gilmore 2,6.749,384,2025-07-25
2025-08-02T10:04:57.017067,The Fantastic 4: First Steps,7.352,718,2025-07-23
2025-08-02T10:04:57.017067,The Naked Gun,6.8,40,2025-07-30
2025-08-02T10:04:57.017067,Weapons,10.0,1,2025-08-06
2025-08-02T10:04:57.017067,Freakier Friday,0.0,0,2025-08-06
2025-08-02T10:04:57.017067,Alien 2: On Earth,3.549,71,1980-04-11
2025-08-02T10:04:57.017067,Nobody 2,0.0,0,2025-08-13
2025-08-02T10:04:57.017067,Americana,0.0,0,2025-08-15
2025-08-02T11:04:19.454703,Happy Gilmore 2,6.7,387,2025-07-25
2025-08-02T11:04:19.454703,The Fantastic 4: First Steps,7.352,718,2025-07-23
2025-08-02T11:04:19.454703,The Naked Gun,6.8,40,2025-07-30
2025-08-02T11:04:19.454703,Weapons,10.0,1,2025-08-06
2025-08-02T11:04:19.454703,Freakier Friday,0.0,0,2025-08-06
2025-08-02T11:04:19.454703,Alien 2: On Earth,3.549,71,1980-04-11
2025-08-02T11:04:19.454703,Nobody 2,0.0,0,2025-08-13
2025-08-02T11:04:19.454703,Americana,0.0,0,2025-08-15
2025-08-02T12:07:41.823209,Happy Gilmore 2,6.7,387,2025-07-25
2025-08-02T12:07:41.823209,The Fantastic 4: First Steps,7.352,718,2025-07-23
2025-08-02T12:07:41.823209,The Naked Gun,6.8,40,2025-07-30
2025-08-02T12:07:41.823209,Weapons,10.0,1,2025-08-06
2025-08-02T12:07:41.823209,Freakier Friday,0.0,0,2025-08-06
2025-08-02T12:07:41.823209,Alien 2: On Earth,3.549,71,1980-04-11
2025-08-02T12:07:41.823209,Nobody 2,0.0,0,2025-08-13
2025-08-02T12:07:41.823209,Americana,0.0,0,2025-08-15
2025-08-02T13:13:12.931892,Happy Gilmore 2,6.7,387,2025-07-25
2025-08-02T13:13:12.931892,The Fantastic 4: First Steps,7.352,718,2025-07-23
2025-08-02T13:13:12.931892,The Naked Gun,6.8,40,2025-07-30
2025-08-02T13:13:12.931892,Weapons,10.0,1,2025-08-06
2025-08-02T13:13:12.931892,Freakier Friday,0.0,0,2025-08-06
2025-08-02T13:13:12.931892,Alien 2: On Earth,3.549,71,1980-04-11
2025-08-02T13:13:12.931892,Nobody 2,0.0,0,2025-08-13
2025-08-02T13:13:12.931892,Americana,0.0,0,2025-08-15
2025-08-02T14:04:42.828889,Happy Gilmore 2,6.7,387,2025-07-25
2025-08-02T14:04:42.828889,The Fantastic 4: First Steps,7.352,718,2025-07-23
2025-08-02T14:04:42.828889,The Naked Gun,6.8,40,2025-07-30
2025-08-02T14:04:42.828889,Weapons,10.0,1,2025-08-06
2025-08-02T14:04:42.828889,Freakier Friday,0.0,0,2025-08-06
2025-08-02T14:04:42.828889,Alien 2: On Earth,3.549,71,1980-04-11
2025-08-02T14:04:42.828889,Nobody 2,0.0,0,2025-08-13
2025-08-02T14:04:42.828889,Americana,0.0,0,2025-08-15
2025-08-02T15:04:35.954445,Happy Gilmore 2,6.7,387,2025-07-25
2025-08-02T15:04:35.954445,The Fantastic 4: First Steps,7.352,718,2025-07-23
2025-08-02T15:04:35.954445,The Naked Gun,6.8,44,2025-07-30
2025-08-02T15:04:35.954445,Weapons,10.0,1,2025-08-06
2025-08-02T15:04:35.954445,Freakier Friday,0.0,0,2025-08-06
2025-08-02T15:04:35.954445,Alien 2: On Earth,3.549,71,1980-04-11
2025-08-02T15:04:35.954445,Nobody 2,0.0,0,2025-08-13
2025-08-02T15:04:35.954445,Americana,0.0,0,2025-08-15
2025-08-02T16:05:25.100665,Happy Gilmore 2,6.7,387,2025-07-25
2025-08-02T16:05:25.100665,The Fantastic 4: First Steps,7.352,718,2025-07-23
2025-08-02T16:05:25.100665,The Naked Gun,6.8,44,2025-07-30
2025-08-02T16:05:25.100665,Weapons,10.0,1,2025-08-06
2025-08-02T16:05:25.100665,Freakier Friday,0.0,0,2025-08-06
2025-08-02T16:05:25.100665,Alien 2: On Earth,3.549,71,1980-04-11
2025-08-02T16:05:25.100665,Nobody 2,0.0,0,2025-08-13
2025-08-02T16:05:25.100665,Americana,0.0,0,2025-08-15
2025-08-02T17:04:36.980245,Happy Gilmore 2,6.7,387,2025-07-25
2025-08-02T17:04:36.980245,The Fantastic 4: First Steps,7.358,727,2025-07-23
2025-08-02T17:04:36.980245,The Naked Gun,6.8,44,2025-07-30
2025-08-02T17:04:36.980245,Weapons,10.0,1,2025-08-06
2025-08-02T17:04:36.980245,Freakier Friday,0.0,0,2025-08-06
2025-08-02T17:04:36.980245,Alien 2: On Earth,3.549,71,1980-04-11
2025-08-02T17:04:36.980245,Nobody 2,0.0,0,2025-08-13
2025-08-02T17:04:36.980245,Americana,0.0,0,2025-08-15
2025-08-02T18:05:58.187820,Happy Gilmore 2,6.749,393,2025-07-25
2025-08-02T18:05:58.187820,The Fantastic 4: First Steps,7.358,727,2025-07-23
2025-08-02T18:05:58.187820,The Naked Gun,6.8,44,2025-07-30
2025-08-02T18:05:58.187820,Weapons,10.0,1,2025-08-06
2025-08-02T18:05:58.187820,Freakier Friday,0.0,0,2025-08-06
2025-08-02T18:05:58.187820,Alien 2: On Earth,3.549,71,1980-04-11
2025-08-02T18:05:58.187820,Nobody 2,0.0,0,2025-08-13
2025-08-02T18:05:58.187820,Americana,0.0,0,2025-08-15
2025-08-02T19:04:21.886352,Happy Gilmore 2,6.749,393,2025-07-25
2025-08-02T19:04:21.886352,The Fantastic 4: First Steps,7.358,727,2025-07-23
2025-08-02T19:04:21.886352,The Naked Gun,6.8,44,2025-07-30
2025-08-02T19:04:21.886352,Weapons,10.0,1,2025-08-06
2025-08-02T19:04:21.886352,Freakier Friday,0.0,0,2025-08-06
2025-08-02T19:04:21.886352,Alien 2: On Earth,3.549,71,1980-04-11
2025-08-02T19:04:21.886352,Nobody 2,0.0,0,2025-08-13
2025-08-02T19:04:21.886352,Americana,0.0,0,2025-08-15
2025-08-02T20:04:57.183027,Happy Gilmore 2,6.749,393,2025-07-25
2025-08-02T20:04:57.183027,The Fantastic 4: First Steps,7.358,727,2025-07-23
2025-08-02T20:04:57.183027,The Naked Gun,6.8,44,2025-07-30
2025-08-02T20:04:57.183027,Weapons,10.0,1,2025-08-06
2025-08-02T20:04:57.183027,Freakier Friday,0.0,0,2025-08-06
2025-08-02T20:04:57.183027,Alien 2: On Earth,3.549,71,1980-04-11
2025-08-02T20:04:57.183027,Nobody 2,0.0,0,2025-08-13
2025-08-02T20:04:57.183027,Americana,0.0,0,2025-08-15
2025-08-02T21:04:37.353717,Happy Gilmore 2,6.749,393,2025-07-25
2025-08-02T21:04:37.353717,The Fantastic 4: First Steps,7.358,727,2025-07-23
2025-08-02T21:04:37.353717,The Naked Gun,6.8,44,2025-07-30
2025-08-02T21:04:37.353717,Weapons,10.0,1,2025-08-06
2025-08-02T21:04:37.353717,Freakier Friday,0.0,0,2025-08-06
2025-08-02T21:04:37.353717,Alien 2: On Earth,3.549,71,1980-04-11
2025-08-02T21:04:37.353717,Nobody 2,0.0,0,2025-08-13
2025-08-02T21:04:37.353717,Americana,0.0,0,2025-08-15
2025-08-02T22:04:43.871445,Happy Gilmore 2,6.749,393,2025-07-25
2025-08-02T22:04:43.871445,The Fantastic 4: First Steps,7.358,727,2025-07-23
2025-08-02T22:04:43.871445,The Naked Gun,6.8,44,2025-07-30
2025-08-02T22:04:43.871445,Weapons,10.0,1,2025-08-06
2025-08-02T22:04:43.871445,Freakier Friday,0.0,0,2025-08-06
2025-08-02T22:04:43.871445,Alien 2: On Earth,3.549,71,1980-04-11
2025-08-02T22:04:43.871445,Nobody 2,0.0,0,2025-08-13
2025-08-02T22:04:43.871445,Americana,0.0,0,2025-08-15
2025-08-02T23:05:00.160032,Happy Gilmore 2,6.749,393,2025-07-25
2025-08-02T23:05:00.160032,The Fantastic 4: First Steps,7.358,727,2025-07-23
2025-08-02T23:05:00.160032,The Naked Gun,6.898,49,2025-07-30
2025-08-02T23:05:00.160032,Weapons,10.0,1,2025-08-06
2025-08-02T23:05:00.160032,Freakier Friday,0.0,0,2025-08-06
2025-08-02T23:05:00.160032,Alien 2: On Earth,3.549,71,1980-04-11
2025-08-02T23:05:00.160032,Nobody 2,0.0,0,2025-08-13
2025-08-02T23:05:00.160032,Americana,0.0,0,2025-08-15
2025-08-03T00:24:39.692316,Happy Gilmore 2,6.749,393,2025-07-25
2025-08-03T00:24:39.692316,The Fantastic 4: First Steps,7.338,745,2025-07-23
2025-08-03T00:24:39.692316,The Naked Gun,6.898,49,2025-07-30
2025-08-03T00:24:39.692316,Weapons,10.0,1,2025-08-06
2025-08-03T00:24:39.692316,Freakier Friday,0.0,0,2025-08-06
2025-08-03T00:24:39.692316,Alien 2: On Earth,3.549,71,1980-04-11
2025-08-03T00:24:39.692316,Nobody 2,0.0,0,2025-08-13
2025-08-03T00:24:39.692316,Americana,0.0,0,2025-08-15
2025-08-03T01:34:04.979743,Happy Gilmore 2,6.734,404,2025-07-25
2025-08-03T01:34:04.979743,The Fantastic 4: First Steps,7.338,745,2025-07-23
2025-08-03T01:34:04.979743,The Naked Gun,6.898,49,2025-07-30
2025-08-03T01:34:04.979743,Weapons,10.0,1,2025-08-06
2025-08-03T01:34:04.979743,Freakier Friday,0.0,0,2025-08-06
2025-08-03T01:34:04.979743,Alien 2: On Earth,3.549,71,1980-04-11
2025-08-03T01:34:04.979743,Nobody 2,0.0,0,2025-08-13
2025-08-03T01:34:04.979743,Americana,0.0,0,2025-08-15
2025-08-03T02:50:20.766842,Happy Gilmore 2,6.734,404,2025-07-25
2025-08-03T02:50:20.766842,The Fantastic 4: First Steps,7.338,745,2025-07-23
2025-08-03T02:50:20.766842,The Naked Gun,6.898,49,2025-07-30
2025-08-03T02:50:20.766842,Weapons,10.0,1,2025-08-06
2025-08-03T02:50:20.766842,Freakier Friday,0.0,0,2025-08-06
2025-08-03T02:50:20.766842,Alien 2: On Earth,3.549,71,1980-04-11
2025-08-03T02:50:20.766842,Nobody 2,0.0,0,2025-08-13
2025-08-03T02:50:20.766842,Americana,0.0,0,2025-08-15
2025-08-03T03:37:38.541991,Happy Gilmore 2,6.734,404,2025-07-25
2025-08-03T03:37:38.541991,The Fantastic 4: First Steps,7.338,745,2025-07-23
2025-08-03T03:37:38.541991,The Naked Gun,6.898,49,2025-07-30
2025-08-03T03:37:38.541991,Weapons,10.0,1,2025-08-06
2025-08-03T03:37:38.541991,Freakier Friday,0.0,0,2025-08-06
2025-08-03T03:37:38.541991,Alien 2: On Earth,3.549,71,1980-04-11
2025-08-03T03:37:38.541991,Nobody 2,0.0,0,2025-08-13
2025-08-03T03:37:38.541991,Americana,0.0,0,2025-08-15
2025-08-03T04:23:27.339268,Happy Gilmore 2,6.734,404,2025-07-25
2025-08-03T04:23:27.339268,The Fantastic 4: First Steps,7.338,745,2025-07-23
2025-08-03T04:23:27.339268,The Naked Gun,6.898,49,2025-07-30
2025-08-03T04:23:27.339268,Weapons,10.0,1,2025-08-06
2025-08-03T04:23:27.339268,Freakier Friday,0.0,0,2025-08-06
2025-08-03T04:23:27.339268,Alien 2: On Earth,3.549,71,1980-04-11
2025-08-03T04:23:27.339268,Nobody 2,0.0,0,2025-08-13
2025-08-03T04:23:27.339268,Americana,0.0,0,2025-08-15
2025-08-03T05:11:17.819569,Happy Gilmore 2,6.734,404,2025-07-25
2025-08-03T05:11:17.819569,The Fantastic 4: First Steps,7.338,745,2025-07-23
2025-08-03T05:11:17.819569,The Naked Gun,7.0,52,2025-07-30
2025-08-03T05:11:17.819569,Weapons,10.0,1,2025-08-06
2025-08-03T05:11:17.819569,Freakier Friday,0.0,0,2025-08-06
2025-08-03T05:11:17.819569,Alien 2: On Earth,3.549,71,1980-04-11
2025-08-03T05:11:17.819569,Nobody 2,0.0,0,2025-08-13
2025-08-03T05:11:17.819569,Americana,0.0,0,2025-08-15
2025-08-03T06:06:43.826314,Happy Gilmore 2,6.734,404,2025-07-25
2025-08-03T06:06:43.826314,The Fantastic 4: First Steps,7.338,745,2025-07-23
2025-08-03T06:06:43.826314,The Naked Gun,7.0,52,2025-07-30
2025-08-03T06:06:43.826314,Weapons,10.0,1,2025-08-06
2025-08-03T06:06:43.826314,Freakier Friday,0.0,0,2025-08-06
2025-08-03T06:06:43.826314,Alien 2: On Earth,3.549,71,1980-04-11
2025-08-03T06:06:43.826314,Nobody 2,0.0,0,2025-08-13
2025-08-03T06:06:43.826314,Americana,0.0,0,2025-08-15
2025-08-03T07:05:27.233121,Happy Gilmore 2,6.734,404,2025-07-25
2025-08-03T07:05:27.233121,The Fantastic 4: First Steps,7.334,751,2025-07-23
2025-08-03T07:05:27.233121,The Naked Gun,7.0,52,2025-07-30
2025-08-03T07:05:27.233121,Weapons,10.0,1,2025-08-06
2025-08-03T07:05:27.233121,Freakier Friday,0.0,0,2025-08-06
2025-08-03T07:05:27.233121,Alien 2: On Earth,3.549,71,1980-04-11
2025-08-03T07:05:27.233121,Nobody 2,0.0,0,2025-08-13
2025-08-03T07:05:27.233121,Americana,0.0,0,2025-08-15
2025-08-03T08:06:20.943077,Happy Gilmore 2,6.734,404,2025-07-25
2025-08-03T08:06:20.943077,The Fantastic 4: First Steps,7.334,751,2025-07-23
2025-08-03T08:06:20.943077,The Naked Gun,7.0,52,2025-07-30
2025-08-03T08:06:20.943077,Weapons,10.0,1,2025-08-06
2025-08-03T08:06:20.943077,Freakier Friday,0.0,0,2025-08-06
2025-08-03T08:06:20.943077,Alien 2: On Earth,3.549,71,1980-04-11
2025-08-03T08:06:20.943077,Nobody 2,0.0,0,2025-08-13
2025-08-03T08:06:20.943077,Americana,0.0,0,2025-08-15
2025-08-03T09:04:59.021806,Happy Gilmore 2,6.73,411,2025-07-25
2025-08-03T09:04:59.021806,The Fantastic 4: First Steps,7.334,751,2025-07-23
2025-08-03T09:04:59.021806,The Naked Gun,7.0,52,2025-07-30
2025-08-03T09:04:59.021806,Weapons,10.0,1,2025-08-06
2025-08-03T09:04:59.021806,Freakier Friday,0.0,0,2025-08-06
2025-08-03T09:04:59.021806,Alien 2: On Earth,3.549,71,1980-04-11
2025-08-03T09:04:59.021806,Nobody 2,0.0,0,2025-08-13
2025-08-03T09:04:59.021806,Americana,0.0,0,2025-08-15
2025-08-03T10:04:58.075667,Happy Gilmore 2,6.73,411,2025-07-25
2025-08-03T10:04:58.075667,The Fantastic 4: First Steps,7.334,751,2025-07-23
2025-08-03T10:04:58.075667,The Naked Gun,7.0,52,2025-07-30
2025-08-03T10:04:58.075667,Weapons,10.0,1,2025-08-06
2025-08-03T10:04:58.075667,Freakier Friday,0.0,0,2025-08-06
2025-08-03T10:04:58.075667,Alien 2: On Earth,3.549,71,1980-04-11
2025-08-03T10:04:58.075667,Nobody 2,0.0,0,2025-08-13
2025-08-03T10:04:58.075667,Americana,0.0,0,2025-08-15
2025-08-03T11:04:13.364077,Happy Gilmore 2,6.73,411,2025-07-25
2025-08-03T11:04:13.364077,The Fantastic 4: First Steps,7.334,751,2025-07-23
2025-08-03T11:04:13.364077,The Naked Gun,7.0,52,2025-07-30
2025-08-03T11:04:13.364077,Weapons,10.0,1,2025-08-06
2025-08-03T11:04:13.364077,Freakier Friday,0.0,0,2025-08-06
2025-08-03T11:04:13.364077,Alien 2: On Earth,3.549,71,1980-04-11
2025-08-03T11:04:13.364077,Nobody 2,0.0,0,2025-08-13
2025-08-03T11:04:13.364077,Americana,0.0,0,2025-08-15
2025-08-03T12:07:39.783408,Happy Gilmore 2,6.73,411,2025-07-25
2025-08-03T12:07:39.783408,The Fantastic 4: First Steps,7.334,751,2025-07-23
2025-08-03T12:07:39.783408,The Naked Gun,7.0,52,2025-07-30
2025-08-03T12:07:39.783408,Weapons,10.0,1,2025-08-06
2025-08-03T12:07:39.783408,Freakier Friday,0.0,0,2025-08-06
2025-08-03T12:07:39.783408,Alien 2: On Earth,3.549,71,1980-04-11
2025-08-03T12:07:39.783408,Nobody 2,0.0,0,2025-08-13
2025-08-03T12:07:39.783408,Americana,0.0,0,2025-08-15
2025-08-03T13:14:47.913259,Happy Gilmore 2,6.73,411,2025-07-25
2025-08-03T13:14:47.913259,The Fantastic 4: First Steps,7.334,751,2025-07-23
2025-08-03T13:14:47.913259,The Naked Gun,7.0,52,2025-07-30
2025-08-03T13:14:47.913259,Weapons,10.0,1,2025-08-06
2025-08-03T13:14:47.913259,Freakier Friday,0.0,0,2025-08-06
2025-08-03T13:14:47.913259,Alien 2: On Earth,3.549,71,1980-04-11
2025-08-03T13:14:47.913259,Nobody 2,0.0,0,2025-08-13
2025-08-03T13:14:47.913259,Americana,0.0,0,2025-08-15
2025-08-03T14:04:35.262836,Happy Gilmore 2,6.73,411,2025-07-25
2025-08-03T14:04:35.262836,The Fantastic 4: First Steps,7.334,751,2025-07-23
2025-08-03T14:04:35.262836,The Naked Gun,7.0,52,2025-07-30
2025-08-03T14:04:35.262836,Weapons,10.0,1,2025-08-06
2025-08-03T14:04:35.262836,Freakier Friday,0.0,0,2025-08-06
2025-08-03T14:04:35.262836,Alien 2: On Earth,3.549,71,1980-04-11
2025-08-03T14:04:35.262836,Nobody 2,0.0,0,2025-08-13
2025-08-03T14:04:35.262836,Americana,0.0,0,2025-08-15
2025-08-03T15:04:49.206961,Happy Gilmore 2,6.73,411,2025-07-25
2025-08-03T15:04:49.206961,The Fantastic 4: First Steps,7.3,755,2025-07-23
2025-08-03T15:04:49.206961,The Naked Gun,7.0,52,2025-07-30
2025-08-03T15:04:49.206961,Weapons,10.0,1,2025-08-06
2025-08-03T15:04:49.206961,Freakier Friday,0.0,0,2025-08-06
2025-08-03T15:04:49.206961,Alien 2: On Earth,3.549,71,1980-04-11
2025-08-03T15:04:49.206961,Nobody 2,0.0,0,2025-08-13
2025-08-03T15:04:49.206961,Americana,0.0,0,2025-08-15
